구,시군구코드,법정동코드,법정동,지번,단지코드,아파트명,동,전용면적,층,건축년도,거래금액,계약일,해제여부,해제일,거래유형,매수자,매도자,등기일
종로구,11110,13300,익선동,55,11110-102,현대뜨레비앙,,48.54,7,2003,40000,2022-08-26,,,중개거래,,,
종로구,11110,16700,충신동,62-2,11110-2291,CS타워,,21.94,5,2011,16000,2022-08-03,,,중개거래,,,
종로구,11110,17500,숭인동,202-3,11110-2339,종로중흥S클래스,,17.811,8,2013,13300,2022-08-22,,,중개거래,,,
종로구,11110,13300,익선동,55,11110-102,현대뜨레비앙,,28.1,9,2003,31000,2022-08-01,,,중개거래,,,
종로구,11110,17500,숭인동,296-19,11110-2322,삼전솔하임2차,,16.67,8,2012,13000,2022-08-13,,,중개거래,,,
종로구,11110,17500,숭인동,202-3,11110-2339,종로중흥S클래스,,19.466,7,2013,13570,2022-08-04,,,중개거래,,,
종로구,11110,13300,익선동,55,11110-102,현대뜨레비앙,,48.54,2,2003,37500,2022-08-04,,,중개거래,,,
중구,11140,13300,충무로5가,36-2,11140-1261,충무로엘크루메크로시티2차,,22.75,16,2016,21800,2022-08-30,,,중개거래,,,
중구,11140,16300,흥인동,142-1,11140-1301,위더스하임,,23.82,7,2018,29200,2022-08-18,,,중개거래,,,
중구,11140,13300,충무로5가,36-2,11140-1261,충무로엘크루메크로시티2차,,22.75,16,2016,21800,2022-08-30,O,22.12.07,중개거래,,,
중구,11140,16200,신당동,843,11140-32,삼성,,84.96,3,1999,103500,2022-08-27,,,중개거래,,,
중구,11140,12100,회현동1가,208,11140-1142,남산롯데캐슬아이리스,,44.99,30,2011,88000,2022-08-26,,,중개거래,,,
중구,11140,16200,신당동,852,11140-1144,청구e편한세상,,84.96,10,2011,162000,2022-08-26,,,중개거래,,,
중구,11140,16200,신당동,850,11140-990,신당푸르지오,,59.85,10,2005,105500,2022-08-06,,,중개거래,,,
중구,11140,12100,회현동1가,97-2,11140-10,평화,,58.02,1,1976,60000,2022-08-29,,,중개거래,,,
중구,11140,12100,회현동1가,208,11140-1142,남산롯데캐슬아이리스,,133.98,20,2011,205000,2022-08-02,,,중개거래,,,
중구,11140,16800,순화동,217,11140-1277,덕수궁롯데캐슬,,82.3212,19,2016,160000,2022-08-04,,,중개거래,,,
중구,11140,11800,남대문로5가,827,11140-1119,남산트라팰리스,,116.11,27,2010,205000,2022-08-08,,,중개거래,,,
중구,11140,16200,신당동,857,11140-1370,약수역더시티,,18.86,3,2021,25000,2022-08-02,,,중개거래,,,
중구,11140,16500,황학동,19,11140-1286,그랜드힐오피스텔,,24.15,10,2017,16500,2022-08-04,,,중개거래,,,
용산구,11170,12900,이촌동,400,11170-70,현대한강,,84.88,22,1997,205000,2022-08-12,,,중개거래,,,
용산구,11170,13100,한남동,827,11170-3092,한남해피트리,,65.17,1,2016,130000,2022-08-22,,,중개거래,,,
용산구,11170,12800,한강로3가,98,11170-3299,센트럴파크,,92.7398,28,2020,200100,2022-08-28,,,중개거래,,,
용산구,11170,12900,이촌동,434,11170-2310,동원베네스트,,84.973,11,2005,140100,2022-08-18,O,23.11.28,직거래,,,
용산구,11170,12900,이촌동,411,11170-41,동아그린,,43.02,5,1999,97000,2022-08-13,,,중개거래,,,
용산구,11170,12200,문배동,24-4,11170-2913,용산큐브,,13.01,20,2013,19550,2022-08-30,,,중개거래,,,
용산구,11170,12900,이촌동,402,11170-35,강촌,,114.595,8,1998,255000,2022-08-10,,,중개거래,,,
용산구,11170,10700,동자동,19-8,11170-8,동자,,44,1,1969,50000,2022-08-19,,,중개거래,,,
용산구,11170,12200,문배동,24-4,11170-2913,용산큐브,,13.01,16,2013,19100,2022-08-19,,,중개거래,,,
용산구,11170,12900,이촌동,395,11170-38,대림,,84.78,8,1994,210000,2022-08-12,,,중개거래,,,
성동구,11200,11300,옥수동,250,11200-42,옥수삼성,,84.822,2,1999,125000,2022-08-31,O,22.12.28,중개거래,,,
성동구,11200,10700,행당동,375,11200-2899,행당두산위브,,84.99,8,2009,145000,2022-08-29,,,중개거래,,,
성동구,11200,11300,옥수동,528,11200-3114,옥수파크힐스101동~116동,,59.78,6,2016,151000,2022-08-27,,,중개거래,,,
성동구,11200,11000,금호동2가,1217,11200-2944,래미안하이리버,,84.99,3,2012,99000,2022-08-23,,,직거래,,,
성동구,11200,11400,성수동1가,718,11200-3141,트리마제,,152.1556,18,2017,645000,2022-08-26,,,중개거래,,,
성동구,11200,10700,행당동,376,11200-2914,서울숲행당푸르지오,,84.74,11,2011,130000,2022-08-26,,,중개거래,,,
성동구,11200,10700,행당동,345,11200-19,두산,,84.87,16,1997,90000,2022-08-26,,,중개거래,,,
성동구,11200,10200,하왕십리동,1070,11200-3120,센트라스,,84.96,2,2016,166500,2022-08-27,,,중개거래,,,
성동구,11200,11400,성수동1가,706,11200-56,쌍용,,84.78,17,1997,113000,2022-08-27,,,직거래,,,
성동구,11200,10700,행당동,380,11200-3173,서울숲리버뷰자이,,84.9,33,2018,177000,2022-08-11,,,중개거래,,,
성동구,11200,10500,마장동,834,11200-3052,삼성홈타운,,18.06,3,2015,20000,2022-08-11,,,중개거래,,,
성동구,11200,11500,성수동2가,835,11200-81,롯데캐슬파크,,101.995,13,2003,169000,2022-08-15,,,중개거래,,,
성동구,11200,12200,용답동,252,11200-3018,덕현해밀,,51.04,9,2014,58000,2022-08-10,,,중개거래,,,
성동구,11200,10200,하왕십리동,966-18,11200-2991,상리제나우스,,12.84,3,2013,12900,2022-08-02,,,중개거래,,,
성동구,11200,11400,성수동1가,676-5,11200-61,서울숲성수현대,,59.13,2,1990,120000,2022-08-02,,,중개거래,,,
성동구,11200,11400,성수동1가,717,11200-152,서울숲해오름(717-0),,81.35,3,2005,114500,2022-08-08,,,중개거래,,,
성동구,11200,10900,금호동1가,633,11200-32,벽산,,114.57,17,2001,124000,2022-08-15,,,중개거래,,,
성동구,11200,11300,옥수동,220-1,11200-45,한남하이츠,,149.39,10,1982,292500,2022-08-10,,,중개거래,,,
성동구,11200,10700,행당동,349,11200-24,서울숲 한신 더 휴,,84.95,17,2003,124000,2022-08-12,,,중개거래,,,
성동구,11200,11300,옥수동,528,11200-3114,옥수파크힐스101동~116동,,59.88,10,2016,151000,2022-08-10,,,중개거래,,,
성동구,11200,10800,응봉동,15,11200-29,대림강변타운,,59.76,22,2001,102000,2022-08-13,,,중개거래,,,
성동구,11200,10700,행당동,349,11200-24,서울숲 한신 더 휴,,59.94,4,2003,103000,2022-08-13,,,중개거래,,,
성동구,11200,11000,금호동2가,1215,11200-2938,금호자이1차,,84.97,4,2012,137700,2022-08-06,,,중개거래,,,
성동구,11200,10200,하왕십리동,966-18,11200-2991,상리제나우스,,12.84,5,2013,13700,2022-08-08,,,중개거래,,,
광진구,11215,10500,자양동,516,11215-57,우성3,,84.91,4,1989,125000,2022-08-20,,,중개거래,,,
광진구,11215,10100,중곡동,130-5,11215-2782,주성AURA,,67.76,5,2009,62700,2022-08-30,,,중개거래,,,
광진구,11215,10500,자양동,227-7,11215-2478,더샵스타시티,,163.53,15,2007,255000,2022-08-30,,,중개거래,,,
광진구,11215,10500,자양동,860,11215-4511,테라팰리스건대2차,,52.66,5,2018,82000,2022-08-28,O,23.01.31,중개거래,,,
광진구,11215,10500,자양동,811,11215-2401,광진하나플러스,,84.64,1,2005,90000,2022-08-30,,,중개거래,,,
광진구,11215,10500,자양동,87-1,11215-47,한강우성,,84.72,4,1993,115500,2022-08-25,,,중개거래,,,
광진구,11215,10400,광장동,250,11215-2535,신동아파밀리에,,84.69,4,2007,149000,2022-08-17,,,중개거래,,,
광진구,11215,10700,화양동,20-3,11215-3724,(20-3),,12.42,6,2015,9000,2022-08-23,,,직거래,,,
광진구,11215,10700,화양동,20-3,11215-3724,(20-3),,12.42,4,2015,8000,2022-08-23,,,직거래,,,
광진구,11215,10700,화양동,20-3,11215-3724,(20-3),,16.22,6,2015,12000,2022-08-23,,,직거래,,,
광진구,11215,10700,화양동,111-102,11215-4483,아스하임(111-102),,15.14,12,2018,21900,2022-08-20,,,중개거래,,,
광진구,11215,10500,자양동,579,11215-55,우성1,,51.57,8,1988,70000,2022-08-09,,,직거래,,,
동대문구,11230,10300,제기동,1158-10,11230-74,청우,,84.98,5,2003,52500,2022-08-20,,,중개거래,,,
동대문구,11230,10400,전농동,597-5,11230-2914,리베르떼,,27.23,10,2019,34400,2022-08-29,,,중개거래,,,
동대문구,11230,10500,답십리동,497-23,11230-2510,청계푸르지오시티,,18.92,5,2015,14000,2022-08-27,,,중개거래,,,
동대문구,11230,11000,이문동,327-1,11230-3063,민족통일MJ캠퍼스외대3차,,18.72,11,2022,20000,2022-08-29,,,직거래,,,
동대문구,11230,11000,이문동,327-1,11230-3063,민족통일MJ캠퍼스외대3차,,18.24,11,2022,20000,2022-08-29,,,직거래,,,
동대문구,11230,11000,이문동,327-1,11230-3063,민족통일MJ캠퍼스외대3차,,18.54,11,2022,20000,2022-08-29,,,직거래,,,
동대문구,11230,11000,이문동,327-1,11230-3063,민족통일MJ캠퍼스외대3차,,18.54,11,2022,20000,2022-08-29,,,직거래,,,
동대문구,11230,11000,이문동,327-1,11230-3063,민족통일MJ캠퍼스외대3차,,18,11,2022,20000,2022-08-29,,,직거래,,,
동대문구,11230,11000,이문동,327-1,11230-3063,민족통일MJ캠퍼스외대3차,,18.24,10,2022,20000,2022-08-29,,,직거래,,,
동대문구,11230,11000,이문동,327-1,11230-3063,민족통일MJ캠퍼스외대3차,,18.72,10,2022,20000,2022-08-29,,,직거래,,,
동대문구,11230,11000,이문동,327-1,11230-3063,민족통일MJ캠퍼스외대3차,,18,10,2022,20000,2022-08-29,,,직거래,,,
동대문구,11230,11000,이문동,327-1,11230-3063,민족통일MJ캠퍼스외대3차,,18.54,10,2022,20000,2022-08-29,,,직거래,,,
동대문구,11230,11000,이문동,327-1,11230-3063,민족통일MJ캠퍼스외대3차,,18.54,10,2022,20000,2022-08-29,,,직거래,,,
동대문구,11230,10600,장안동,372-9,11230-2541,청솔아파트(A동),,41.34,5,2015,30000,2022-08-23,,,중개거래,,,
동대문구,11230,10600,장안동,372-5,11230-2274,장안뉴시티,,17.63,8,2012,10300,2022-08-17,O,22.09.30,중개거래,,,
동대문구,11230,10500,답십리동,1003,11230-2587,래미안위브,,84.98,20,2014,125000,2022-08-21,,,중개거래,,,
동대문구,11230,10500,답십리동,1003,11230-2587,래미안위브,,84.98,11,2014,124000,2022-08-22,,,중개거래,,,
동대문구,11230,10900,휘경동,369,11230-2645,휘경제이스카이아파트,,84.43,14,2016,73000,2022-08-20,,,중개거래,,,
동대문구,11230,10500,답십리동,497-23,11230-2510,청계푸르지오시티,,30.42,13,2015,37900,2022-08-20,,,중개거래,,,
동대문구,11230,10400,전농동,690,11230-2578,래미안크레시티,,84.96,20,2014,130000,2022-08-13,,,중개거래,,,
동대문구,11230,10200,용두동,792,11230-2198,래미안 허브리츠,,59.98,6,2011,101500,2022-08-25,,,중개거래,,,
동대문구,11230,11000,이문동,64,11230-62,쌍용,,114.35,10,2000,90000,2022-08-18,,,중개거래,,,
동대문구,11230,10500,답십리동,10,11230-21,동아,,59.88,18,2001,69000,2022-08-10,,,중개거래,,,
동대문구,11230,10500,답십리동,990,11230-22,두산,,114.97,10,2000,95000,2022-08-10,,,중개거래,,,
동대문구,11230,10600,장안동,329-2,11230-2078,장안힐스테이트,,84.568,3,2007,98000,2022-08-16,,,중개거래,,,
동대문구,11230,10600,장안동,344-2,11230-2836,다우하임,,51.74,13,2018,40000,2022-08-04,,,중개거래,,,
동대문구,11230,10500,답십리동,530-15,11230-2682,현대썬앤빌청계,,14.82,12,2016,12500,2022-08-22,,,중개거래,,,
동대문구,11230,10500,답십리동,488-18,11230-2370,센시티16,,14.244,16,2013,10000,2022-08-20,,,중개거래,,,
동대문구,11230,10500,답십리동,464-1,11230-17,신답극동,,105.59,1,1987,67000,2022-08-12,,,중개거래,,,
동대문구,11230,10600,장안동,466-5,11230-2389,장안푸르미에,,12.5803,10,2013,13200,2022-08-23,,,중개거래,,,
동대문구,11230,11000,이문동,225,11230-65,대림e-편한세상,,84.972,21,2003,100000,2022-08-09,,,중개거래,,,
동대문구,11230,10600,장안동,466-5,11230-2389,장안푸르미에,,12.6512,10,2013,13200,2022-08-23,,,중개거래,,,
동대문구,11230,10200,용두동,112-8,11230-2413,한양아이클래스,,14.19,4,2014,11000,2022-08-10,,,중개거래,,,
동대문구,11230,10600,장안동,374-9,11230-2649,가우디트윈캐슬1,,48.97,11,2016,41500,2022-08-13,,,중개거래,,,
동대문구,11230,10500,답십리동,498-7,11230-2311,청계지웰에스테이트,,19.525,12,2012,14000,2022-08-12,,,중개거래,,,
동대문구,11230,10200,용두동,104-3,11230-2647,동대문푸르지오시티(도시형생활주택),,30.11,24,2016,45000,2022-08-19,,,중개거래,,,
동대문구,11230,10500,답십리동,488-18,11230-2370,센시티16,,14.244,16,2013,10000,2022-08-18,,,중개거래,,,
동대문구,11230,10600,장안동,329-2,11230-2078,장안힐스테이트,,84.789,12,2007,102000,2022-08-11,,,중개거래,,,
동대문구,11230,10600,장안동,555-1,11230-35,한신아파트,,84.9,10,1996,76300,2022-08-08,,,중개거래,,,
동대문구,11230,10600,장안동,466-5,11230-2389,장안푸르미에,,12.9463,7,2013,13500,2022-08-17,,,중개거래,,,
동대문구,11230,10600,장안동,415-14,11230-2650,가우디캐슬,,28.5,8,2016,24000,2022-08-08,,,중개거래,,,
동대문구,11230,10600,장안동,342-21,11230-2667,월튼파크뷰(342-21),,46.405,12,2016,28000,2022-08-16,,,중개거래,,,
동대문구,11230,10600,장안동,466-5,11230-2389,장안푸르미에,,11.9559,7,2013,12950,2022-08-12,,,중개거래,,,
동대문구,11230,10900,휘경동,57,11230-64,휘경리오포레아파트(2단지),,39.97,13,2001,45000,2022-08-05,,,중개거래,,,
동대문구,11230,10500,답십리동,80,11230-26,답십리청솔우성,,59.74,18,2000,84500,2022-08-09,,,중개거래,,,
중랑구,11260,10200,상봉동,500,11260-2804,프레미어스엠코,,107.12,11,2013,130000,2022-08-15,,,중개거래,,,
중랑구,11260,10600,신내동,661,11260-99,신내11대명,,49.77,5,1996,48000,2022-08-30,,,중개거래,,,
중랑구,11260,10100,면목동,1545,11260-4104,사가정센트럴아이파크,,84.87,16,2020,133700,2022-08-30,,,중개거래,,,
중랑구,11260,10500,망우동,506-8,11260-2668,EGSoulLeader,,13.42,11,2012,10000,2022-08-31,,,중개거래,,,
중랑구,11260,10500,망우동,490-30,11260-222,문수해오름,,83.61,10,2002,54000,2022-08-23,,,중개거래,,,
중랑구,11260,10400,묵동,239-180,11260-4049,성원팰리스,,20.42,7,2020,34900,2022-08-20,,,직거래,,,
중랑구,11260,10600,신내동,802,11260-232,우남푸르미아,,84.67,19,2005,70000,2022-08-29,,,중개거래,,,
중랑구,11260,10600,신내동,397,11260-83,동성1,,59.4,10,1993,53500,2022-08-24,,,중개거래,,,
중랑구,11260,10100,면목동,1543,11260-4027,한양수자인사가정파크,,23.1074,4,2019,32500,2022-08-22,,,중개거래,,,
중랑구,11260,10300,중화동,297-84,11260-212,금강,,58.05,5,2003,23000,2022-08-31,,,중개거래,,,
중랑구,11260,10200,상봉동,81-5,11260-105,한일써너스빌,,84.55,11,2003,91200,2022-08-15,,,중개거래,,,
중랑구,11260,10500,망우동,506-8,11260-2668,EGSoulLeader,,13.42,5,2012,9300,2022-08-27,,,중개거래,,,
중랑구,11260,10500,망우동,579,11260-1967,한울네세창,,78.75,5,2005,54000,2022-08-26,,,중개거래,,,
중랑구,11260,10400,묵동,13,11260-52,신내,,49.77,7,1996,57500,2022-08-18,,,중개거래,,,
중랑구,11260,10600,신내동,495-42,11260-226,신천빌리지,,81.76,2,2003,54500,2022-08-18,,,중개거래,,,
중랑구,11260,10400,묵동,239-180,11260-4049,성원팰리스,,32.49,7,2020,45500,2022-08-15,,,직거래,,,
중랑구,11260,10500,망우동,506-8,11260-2668,EGSoulLeader,,13.42,5,2012,9300,2022-08-27,O,22.09.13,중개거래,,,
중랑구,11260,10200,상봉동,284-11,11260-2310,동일스카이시티101동,,61.37,5,2009,45000,2022-08-05,,,중개거래,,,
중랑구,11260,10200,상봉동,1,11260-32,건영1,,84.96,6,1997,71000,2022-08-12,,,직거래,,,
중랑구,11260,10600,신내동,661,11260-99,신내11대명,,49.77,13,1996,50000,2022-08-15,,,중개거래,,,
중랑구,11260,10600,신내동,783,11260-91,성원,,84.32,20,1994,72500,2022-08-07,,,중개거래,,,
중랑구,11260,10600,신내동,437,11260-87,벽산,,84.93,20,2000,64000,2022-08-18,,,중개거래,,,
중랑구,11260,10600,신내동,783,11260-91,성원,,84.32,15,1994,70000,2022-08-05,,,중개거래,,,
중랑구,11260,10200,상봉동,106,11260-4284,상봉힐스테이,,17.25,8,2021,30500,2022-08-11,,,직거래,,,
중랑구,11260,10100,면목동,538,11260-2791,신영,,14.43,6,2013,14200,2022-08-02,,,직거래,,,
성북구,11290,13300,정릉동,239,11290-82,정릉풍림아이원,,114.75,13,2005,80000,2022-08-19,,,중개거래,,,
성북구,11290,13900,석관동,410,11290-4788,래미안아트리치,,84.97,12,2019,111500,2022-08-23,,,중개거래,,,
성북구,11290,13400,길음동,1288,11290-4786,래미안길음센터피스,,59.9,32,2019,100000,2022-08-27,,,중개거래,,,
성북구,11290,13800,장위동,320,11290-4861,래미안장위퍼스트하이,,84.94,12,2020,103000,2022-08-29,,,중개거래,,,
성북구,11290,10300,돈암동,609-1,11290-20,한진(609-1),,84.87,9,1998,77000,2022-08-24,,,중개거래,,,
성북구,11290,13900,석관동,407,11290-3766,석관래미안,,59.9,5,2009,80000,2022-08-23,,,중개거래,,,
성북구,11290,13900,석관동,10,11290-74,두산,,59.97,8,1998,70000,2022-08-20,,,중개거래,,,
성북구,11290,13600,하월곡동,46-73,11290-3797,코업스타클래스,,170.45,13,2010,95000,2022-08-19,,,직거래,,,
성북구,11290,10300,돈암동,631,11290-16,범양,,84.92,11,1998,70000,2022-08-27,,,중개거래,,,
성북구,11290,13500,종암동,132,11290-3624,우림카이저팰리스,,84.98,21,2008,75000,2022-08-17,,,중개거래,,,
성북구,11290,13600,하월곡동,225,11290-3492,래미안월곡,,84.589,15,2006,107500,2022-08-25,,,중개거래,,,
성북구,11290,13600,하월곡동,228,11290-3794,꿈의숲푸르지오,,84.73,6,2010,86000,2022-08-26,,,중개거래,,,
성북구,11290,13800,장위동,320,11290-4861,래미안장위퍼스트하이,,59.99,8,2020,83000,2022-08-12,,,중개거래,,,
성북구,11290,10300,돈암동,603,11290-3475,돈암동더샵아파트,,84.817,18,2006,63000,2022-08-20,,,중개거래,,,
성북구,11290,13800,장위동,322,11290-4834,래미안포레카운티,,59.92,19,2021,83000,2022-08-25,,,중개거래,,,
성북구,11290,13400,길음동,1285,11290-3815,길음뉴타운7단지(두산위브),,59.98,8,2010,83000,2022-08-06,,,중개거래,,,
성북구,11290,13300,정릉동,239,11290-82,정릉풍림아이원,,59.88,7,2005,50000,2022-08-06,,,중개거래,,,
성북구,11290,13300,정릉동,435,11290-110,중앙하이츠빌2단지,,84.6824,12,2005,60000,2022-08-07,,,직거래,,,
성북구,11290,13800,장위동,320,11290-4861,래미안장위퍼스트하이,,84.98,22,2020,110000,2022-08-13,,,중개거래,,,
성북구,11290,12800,보문동6가,458,11290-4536,보문파크뷰자이,,59.19,7,2017,94000,2022-08-10,,,중개거래,,,
성북구,11290,10300,돈암동,603,11290-3475,돈암동더샵아파트,,84.817,18,2006,63000,2022-08-20,O,22.09.06,중개거래,,,
성북구,11290,13300,정릉동,1035,11290-3763,정릉2차e-편한세상,,84.4,13,2009,85700,2022-08-24,,,중개거래,,,
성북구,11290,13400,길음동,1280,11290-210,길음뉴타운2단지푸르지오,,114.73,4,2005,89000,2022-08-16,,,중개거래,,,
성북구,11290,13300,정릉동,435,11290-110,중앙하이츠빌2단지,,84.95,3,2005,73000,2022-08-09,,,중개거래,,,
성북구,11290,13500,종암동,104-1,11290-65,종암에스케이,,114.75,18,1999,90000,2022-08-12,,,직거래,,,
성북구,11290,13300,정릉동,780,11290-41,"산장아파트가동,나동",,52.89,3,1977,36000,2022-08-17,,,중개거래,,,
성북구,11290,13400,길음동,1279,11290-60,길음뉴타운1단지(래미안길음1차),,84.96,5,2003,89000,2022-08-08,,,중개거래,,,
성북구,11290,13800,장위동,8-2,11290-4854,석계역한일노벨리아시티,,14.7145,3,2019,13000,2022-08-06,,,직거래,,,
성북구,11290,13300,정릉동,780,11290-41,"산장아파트가동,나동",,71.5,4,1977,50000,2022-08-14,,,중개거래,,,
성북구,11290,13800,장위동,320,11290-4861,래미안장위퍼스트하이,,84.94,19,2020,105000,2022-08-04,,,중개거래,,,
강북구,11305,10100,미아동,812,11305-4129,삼성래미안트리베라2단지,,58.99,4,2010,72000,2022-08-29,,,중개거래,,,
강북구,11305,10100,미아동,1354,11305-13,벽산라이브파크,,59.67,17,2004,59500,2022-08-19,,,중개거래,,,
강북구,11305,10300,수유동,741,11305-5548,칸타빌수유팰리스,,20.665,3,2022,20800,2022-08-06,,,직거래,,,
강북구,11305,10300,수유동,338-1,11305-3770,삼성타운,,84.97,2,2008,45500,2022-08-26,,,중개거래,,,
강북구,11305,10200,번동,459-63,11305-55,다우(459-63),,41.47,5,2003,18800,2022-08-26,,,직거래,,,
강북구,11305,10100,미아동,1353,11305-6,에스케이북한산시티,,59.98,11,2004,62000,2022-08-20,,,중개거래,,,
강북구,11305,10100,미아동,1353,11305-6,에스케이북한산시티,,59.98,2,2004,57500,2022-08-04,,,중개거래,,,
강북구,11305,10300,수유동,229-50,11305-3644,우암센스뷰,,84.83,7,2005,55000,2022-08-01,,,중개거래,,,
강북구,11305,10300,수유동,229-50,11305-3644,우암센스뷰,,84.83,5,2005,55000,2022-08-16,,,중개거래,,,
강북구,11305,10100,미아동,1353,11305-6,에스케이북한산시티,,59.98,15,2004,62000,2022-08-18,,,중개거래,,,
강북구,11305,10100,미아동,160-3,11305-4711,푸르지오시티,,18.6479,7,2014,13300,2022-08-04,,,중개거래,,,
강북구,11305,10100,미아동,160-3,11305-4711,푸르지오시티,,18.6479,9,2014,13200,2022-08-04,,,중개거래,,,
강북구,11305,10100,미아동,160-3,11305-4711,푸르지오시티,,18.6479,5,2014,13400,2022-08-19,,,중개거래,,,
강북구,11305,10300,수유동,205,11305-33,수유벽산1차,,122.58,6,1993,86000,2022-08-02,,,중개거래,,,
강북구,11305,10200,번동,136,11305-21,번동솔그린,,84.6,8,1999,66000,2022-08-08,,,중개거래,,,
강북구,11305,10100,미아동,160-3,11305-4711,푸르지오시티,,18.6479,7,2014,13500,2022-08-04,,,중개거래,,,
도봉구,11320,10700,창동,804,11320-53,대우,,84.88,7,1995,70000,2022-08-31,,,중개거래,,,
도봉구,11320,10600,방학동,715-12,11320-48,방학동삼성래미안2,,84.937,13,2002,86000,2022-08-26,O,22.11.02,중개거래,,,
도봉구,11320,10700,창동,38,11320-100,주공17단지,,36.16,4,1989,42000,2022-08-23,,,중개거래,,,
도봉구,11320,10700,창동,665-21,11320-65,중흥에스클래스,,164.097,8,2001,115000,2022-08-18,O,23.04.26,중개거래,,,
도봉구,11320,10500,쌍문동,59-5,11320-25,한양6,,83.86,8,2002,55000,2022-08-19,,,중개거래,,,
도봉구,11320,10600,방학동,271-1,11320-42,신동아아파트1,,70.62,4,1986,55700,2022-08-16,O,22.10.31,중개거래,,,
도봉구,11320,10600,방학동,720-1,11320-36,대상타운현대아파트,,101.4,12,2001,93000,2022-08-24,,,중개거래,,,
도봉구,11320,10700,창동,38,11320-100,주공17단지,,36.34,13,1989,41500,2022-08-17,,,중개거래,,,
도봉구,11320,10600,방학동,705-17,11320-2945,퍼스티안,,13.6794,10,2013,10000,2022-08-16,,,중개거래,,,
도봉구,11320,10700,창동,38,11320-100,주공17단지,,36.16,6,1989,41600,2022-08-20,,,중개거래,,,
도봉구,11320,10700,창동,804,11320-53,대우,,84.88,18,1995,69000,2022-08-08,,,중개거래,,,
도봉구,11320,10800,도봉동,644,11320-115,도봉파크빌3,,84.163,10,2002,60000,2022-08-06,,,중개거래,,,
도봉구,11320,10600,방학동,732,11320-93,신동아아파트4,,59.92,1,1995,41500,2022-08-16,,,중개거래,,,
도봉구,11320,10600,방학동,720-1,11320-36,대상타운현대아파트,,84.78,9,2001,85500,2022-08-29,,,중개거래,,,
도봉구,11320,10500,쌍문동,575,11320-107,시그마팰리스,,59.41,6,2003,34500,2022-08-24,,,중개거래,,,
도봉구,11320,10500,쌍문동,59,11320-21,한양2,,59.67,10,1988,46000,2022-08-16,,,중개거래,,,
도봉구,11320,10600,방학동,716-1,11320-145,이에스에이아파트3,,84.87,6,2004,63000,2022-08-16,,,중개거래,,,
도봉구,11320,10700,창동,45,11320-58,삼성래미안,,66.48,16,1992,70000,2022-08-17,,,중개거래,,,
도봉구,11320,10700,창동,30,11320-64,창동주공18단지,,41.34,2,1988,45000,2022-08-08,,,중개거래,,,
도봉구,11320,10600,방학동,717-2,11320-3496,방학지음재힐스,,14.86,7,2018,12600,2022-08-05,,,중개거래,,,
도봉구,11320,10700,창동,38,11320-100,주공17단지,,36.16,15,1989,41000,2022-08-13,,,중개거래,,,
도봉구,11320,10700,창동,582-21,11320-123,영창하모니A,,83.99,2,2003,29000,2022-08-16,,,중개거래,,,
도봉구,11320,10700,창동,661-55,11320-3673,스마트트라움,,16.42,7,2021,17000,2022-08-19,,,중개거래,,,
도봉구,11320,10800,도봉동,571,11320-151,도봉산리베니움,,84.19,2,2004,42000,2022-08-20,,,중개거래,,,
도봉구,11320,10700,창동,808,11320-57,동아청솔,,59.96,1,1997,70000,2022-08-22,,,직거래,,,
도봉구,11320,10500,쌍문동,56,11320-11,삼익세라믹,,58.77,8,1988,49000,2022-08-09,,,중개거래,,,
도봉구,11320,10600,방학동,705-17,11320-2945,퍼스티안,,13.6794,11,2013,9900,2022-08-12,,,직거래,,,
도봉구,11320,10500,쌍문동,731,11320-2404,e편한세상,,84.754,13,2007,74800,2022-08-04,,,중개거래,,,
도봉구,11320,10700,창동,26,11320-55,동아,,88.23,13,1988,88000,2022-08-11,,,중개거래,,,
도봉구,11320,10500,쌍문동,54,11320-27,현대1,,84.66,2,1990,55000,2022-08-04,,,중개거래,,,
도봉구,11320,10700,창동,661-55,11320-3673,스마트트라움,,16.42,12,2021,16800,2022-08-03,,,중개거래,,,
도봉구,11320,10500,쌍문동,388-33,11320-20,한양1,,66.33,7,1986,53000,2022-08-08,,,직거래,,,
도봉구,11320,10600,방학동,507,11320-45,우성아파트1,,83.85,9,1992,40500,2022-08-05,,,직거래,,,
도봉구,11320,10700,창동,316,11320-97,창동주공2단지,,36.16,14,1990,48500,2022-08-04,,,중개거래,,,
노원구,11350,10300,공릉동,758,11350-2313,태릉해링턴플레이스,,59.98,7,2022,84500,2022-08-25,,,중개거래,,,
노원구,11350,10500,상계동,680,11350-2302,포레나노원,,59.9866,23,2020,98700,2022-08-29,,,중개거래,,,
노원구,11350,10500,상계동,1312,11350-1825,수락리버시티3단지,,84.88,9,2009,73500,2022-08-31,,,중개거래,,,
노원구,11350,10500,상계동,666,11350-30,상계주공10(고층),,45.9,6,1988,52250,2022-08-29,,,중개거래,,,
노원구,11350,10200,월계동,13,11350-139,미륭,,51.48,2,1986,67000,2022-08-30,,,중개거래,,,
노원구,11350,10600,중계동,361-1,11350-110,롯데우성,,115.26,2,1993,117000,2022-08-31,,,중개거래,,,
노원구,11350,10400,하계동,284,11350-81,한신1,,44.52,6,1988,50500,2022-08-30,,,중개거래,,,
노원구,11350,10500,상계동,639,11350-202,보람아파트,,54.59,2,1988,54000,2022-08-27,,,중개거래,,,
노원구,11350,10400,하계동,273,11350-72,장미(시영6),,49.5,14,1989,65500,2022-08-30,,,중개거래,,,
노원구,11350,10500,상계동,626,11350-34,상계주공14(고층),,90.94,1,1989,76000,2022-08-27,,,중개거래,,,
노원구,11350,10600,중계동,364,11350-105,동진신안,,101.99,11,1993,148000,2022-08-27,,,중개거래,,,
노원구,11350,10200,월계동,12,11350-143,삼호4,,50.18,14,1987,60500,2022-08-27,,,중개거래,,,
노원구,11350,10300,공릉동,109,11350-169,비선아파트,,48.93,1,1999,46300,2022-08-25,,,중개거래,,,
노원구,11350,10500,상계동,451,11350-47,한신2차,,45.92,11,1988,43000,2022-08-30,,,중개거래,,,
노원구,11350,10500,상계동,1265,11350-9,수락산벨리체,,114.92,10,2000,85000,2022-08-22,,,중개거래,,,
노원구,11350,10300,공릉동,743,11350-184,공릉동한보에센시티아파트,,114.84,13,2000,88000,2022-08-23,,,중개거래,,,
노원구,11350,10300,공릉동,737,11350-172,삼익포레스트아파트,,51.03,9,1995,50000,2022-08-21,,,중개거래,,,
노원구,11350,10500,상계동,1276,11350-62,청암2단지,,49.77,8,2001,49000,2022-08-23,,,중개거래,,,
노원구,11350,10500,상계동,1255,11350-19,은빛1단지,,49.77,15,1998,41500,2022-08-20,,,중개거래,,,
노원구,11350,10500,상계동,720,11350-40,상계주공6(고층),,58.01,14,1988,70000,2022-08-26,,,중개거래,,,
노원구,11350,10200,월계동,13,11350-140,미성,,50.14,3,1986,66800,2022-08-20,,,중개거래,,,
노원구,11350,10300,공릉동,758,11350-2313,태릉해링턴플레이스,,74.95,23,2022,106011,2022-08-31,,,중개거래,,,
노원구,11350,10500,상계동,1276,11350-62,청암2단지,,59.4,9,2001,45000,2022-08-30,,,중개거래,,,
노원구,11350,10400,하계동,271-3,11350-68,극동,,55.72,8,1988,58000,2022-08-23,,,중개거래,,,
노원구,11350,10300,공릉동,395-7,11350-1914,진명비베레,,13.9092,1,2012,8400,2022-08-04,,,중개거래,,,
노원구,11350,10200,월계동,925,11350-135,대동,,59.76,5,1997,58000,2022-08-03,,,중개거래,,,
노원구,11350,10400,하계동,284,11350-81,한신1,,27,4,1988,39000,2022-08-12,,,중개거래,,,
노원구,11350,10500,상계동,1255,11350-19,은빛1단지,,49.77,9,1998,50000,2022-08-16,,,중개거래,,,
노원구,11350,10300,공릉동,725,11350-183,풍림아파트A,,59.94,1,2001,63000,2022-08-13,,,중개거래,,,
노원구,11350,10300,공릉동,758,11350-2313,태릉해링턴플레이스,,59.98,7,2022,87500,2022-08-25,O,22.11.10,중개거래,,,
노원구,11350,10600,중계동,359-1,11350-114,주공5,,44.94,13,1992,52000,2022-08-13,,,중개거래,,,
노원구,11350,10600,중계동,363-1,11350-116,주공7,,44.1,14,1993,52600,2022-08-13,,,중개거래,,,
노원구,11350,10500,상계동,1279,11350-15,상계1차중앙하이츠,,59.82,7,1997,64000,2022-08-12,,,중개거래,,,
노원구,11350,10600,중계동,137-39,11350-1759,정진아트리움,,84.95,5,2008,52000,2022-08-15,,,중개거래,,,
노원구,11350,10300,공릉동,741,11350-186,현대성우아파트,,59.98,12,2000,54000,2022-08-24,,,중개거래,,,
노원구,11350,10200,월계동,13,11350-140,미성,,50.14,2,1986,69500,2022-08-20,,,중개거래,,,
노원구,11350,10200,월계동,943,11350-1664,세양청마루,,84.957,8,2005,74000,2022-08-12,,,중개거래,,,
노원구,11350,10500,상계동,173-1,11350-10,벽산,,43.35,15,1989,44500,2022-08-12,,,중개거래,,,
노원구,11350,10500,상계동,359,11350-3,노원현대,,84.78,6,1997,79000,2022-08-10,,,중개거래,,,
노원구,11350,10300,공릉동,81,11350-182,태강아파트(아이파크),,49.6,7,1999,57000,2022-08-16,,,중개거래,,,
노원구,11350,10400,하계동,273,11350-72,장미(시영6),,54.29,10,1989,60000,2022-08-13,,,중개거래,,,
노원구,11350,10500,상계동,691,11350-41,상계주공7(고층),,49.94,3,1988,78000,2022-08-12,,,직거래,,,
노원구,11350,10200,월계동,383-40,11350-145,성북맨션,,65.35,2,1976,48000,2022-08-17,,,직거래,,,
노원구,11350,10200,월계동,13,11350-139,미륭,,51.48,2,1986,75000,2022-08-12,,,직거래,,,
노원구,11350,10400,하계동,273,11350-72,장미(시영6),,54.02,2,1989,60000,2022-08-09,,,직거래,,,
노원구,11350,10500,상계동,173-1,11350-10,벽산,,46.8,11,1989,47000,2022-08-04,,,중개거래,,,
노원구,11350,10500,상계동,652,11350-31,상계주공11(고층),,59.2,7,1988,73000,2022-08-01,,,직거래,,,
노원구,11350,10500,상계동,330-29,11350-2053,소담빌,,14.65,7,2014,10000,2022-08-04,,,중개거래,,,
은평구,11380,10600,대조동,26-14,11380-11230,대경아르체아파트,,29.99,6,2021,42000,2022-08-29,,,직거래,,,
은평구,11380,11400,진관동,19,11380-8028,상림마을8단지롯데캐슬(810~820동)BL1-1,,101.61,7,2008,90000,2022-08-29,,,직거래,,,
은평구,11380,10800,역촌동,17-17,11380-10900,위산엘리시움,,37.42,10,2018,36000,2022-08-31,,,중개거래,,,
은평구,11380,10900,신사동,354,11380-67,라이프씨티,,83.04,8,1992,50000,2022-08-24,,,중개거래,,,
은평구,11380,11400,진관동,65,11380-10527,은평뉴타운엘크루,,59.98,17,2017,72500,2022-08-27,,,중개거래,,,
은평구,11380,10800,역촌동,46-29,11380-217,엔에스,,56.54,9,2001,24000,2022-08-29,,,중개거래,,,
은평구,11380,10600,대조동,26-14,11380-11230,대경아르체아파트,,25.28,15,2021,31500,2022-08-28,,,직거래,,,
은평구,11380,11400,진관동,62,11380-10938,은평스카이뷰자이,,84.7488,26,2019,104000,2022-08-27,,,중개거래,,,
은평구,11380,10800,역촌동,32-37,11380-145,서안,,84.3,3,2003,56500,2022-08-31,,,중개거래,,,
은평구,11380,10400,갈현동,463-16,11380-9005,연서노벨(463-16),,84.68,7,2011,55000,2022-08-30,,,중개거래,,,
은평구,11380,11400,진관동,140,11380-8599,폭포동4단지힐스테이트(408~422동)BL3-9,,101.93,7,2010,105500,2022-08-22,,,중개거래,,,
은평구,11380,10600,대조동,26-14,11380-11230,대경아르체아파트,,29.99,14,2021,40800,2022-08-31,,,직거래,,,
은평구,11380,10800,역촌동,44-23,11380-216,거성리젠시,,75.21,2,2004,49500,2022-08-27,,,중개거래,,,
은평구,11380,10800,역촌동,39-1,11380-7799,미랜드,,79.16,4,2006,76000,2022-08-12,,,중개거래,,,
은평구,11380,11400,진관동,14,11380-8026,상림마을8단지롯데캐슬(801~809동)BL1-2,,84.73,5,2008,91000,2022-08-27,,,중개거래,,,
은평구,11380,11400,진관동,20,11380-8029,상림마을8단지롯데캐슬(821~830동)BL1-12,,84.79,3,2008,97000,2022-08-22,,,중개거래,,,
은평구,11380,10800,역촌동,50-24,11380-219,디딤빌아파트,,137.91,9,2000,57000,2022-08-13,,,중개거래,,,
은평구,11380,11000,증산동,185-19,11380-169,두성,,73.64,4,2003,52500,2022-08-21,,,중개거래,,,
은평구,11380,11400,진관동,101,11380-8391,박석고개1단지힐스테이트(101~111동)BL2-12,,59.85,2,2009,81500,2022-08-09,O,23.01.27,중개거래,,,
은평구,11380,11000,증산동,173-1,11380-9047,디오반,,14.46,8,2011,12250,2022-08-10,,,중개거래,,,
은평구,11380,10700,응암동,761,11380-9188,백련산힐스테이트3차,,84.59,13,2011,68250,2022-08-03,,,중개거래,,,
은평구,11380,10300,불광동,643,11380-8922,북한산힐스테이트7차,,84.947,2,2011,99000,2022-08-06,,,중개거래,,,
은평구,11380,10500,구산동,355-81,11380-380,금광포란재(102),,80.64,6,2005,37300,2022-08-06,,,중개거래,,,
은평구,11380,10200,녹번동,183-2,11380-11029,거장메카,,40.97,8,2019,47500,2022-08-15,,,중개거래,,,
은평구,11380,11400,진관동,82,11380-8504,우물골2단지두산위브(201~203동)BL2-4,,59.92,4,2009,66000,2022-08-27,,,중개거래,,,
은평구,11380,11400,진관동,2,11380-8019,상림마을6단지푸르지오(606~614동)BL1-7,,101.97,2,2008,88000,2022-08-03,,,중개거래,,,
은평구,11380,10600,대조동,26-14,11380-11230,대경아르체아파트,,29.99,11,2021,40500,2022-08-17,,,직거래,,,
은평구,11380,10700,응암동,368-6,11380-9201,청안파인,,30.34,5,2012,23000,2022-08-09,O,22.10.06,중개거래,,,
은평구,11380,10700,응암동,764,11380-10719,백련산힐스테이트4차,,59.98,10,2018,79500,2022-08-24,,,중개거래,,,
은평구,11380,10400,갈현동,526-2,11380-7599,아름(526-2),,69.45,7,2005,35000,2022-08-24,,,직거래,,,
은평구,11380,11400,진관동,60,11380-10714,은평뉴타운솔하임,,14.235,16,2017,16500,2022-08-19,,,직거래,,,
은평구,11380,11000,증산동,173-1,11380-9047,디오반,,14.46,6,2011,13000,2022-08-17,,,중개거래,,,
은평구,11380,11400,진관동,60,11380-10714,은평뉴타운솔하임,,14.235,16,2017,16500,2022-08-17,O,22.08.19,직거래,,,
은평구,11380,10300,불광동,644,11380-9431,북한산동호스카이,,59.99,5,2013,44000,2022-08-13,,,중개거래,,,
은평구,11380,10700,응암동,115-27,11380-62,자선메르시안(115),,55.01,3,2002,29000,2022-08-12,,,중개거래,,,
은평구,11380,10300,불광동,484-60,11380-9413,제이타워,,15.05,6,2013,12700,2022-08-11,,,중개거래,,,
은평구,11380,10700,응암동,769,11380-11078,녹번역e편한세상캐슬,,59.96,4,2021,95000,2022-08-04,,,중개거래,,,
은평구,11380,10600,대조동,9-29,11380-9373,뉴캐슬,,16.22,10,2013,13500,2022-08-03,,,중개거래,,,
은평구,11380,10900,신사동,355,11380-105,현대2,,84.83,9,1994,49800,2022-08-02,,,직거래,,,
서대문구,11410,11800,홍은동,398-6,11410-3865,명가,,48.34,6,2009,27500,2022-08-23,,,직거래,,,
서대문구,11410,11800,홍은동,202-5,11410-95,"현대(1,2차)",,77.49,11,1988,85000,2022-08-08,,,중개거래,,,
서대문구,11410,11100,홍제동,453,11410-63,청구1차,,84.78,7,1994,91000,2022-08-27,,,중개거래,,,
서대문구,11410,11200,대현동,90-70,11410-4847,파라타워,,15.792,6,2020,24500,2022-08-19,,,중개거래,,,
서대문구,11410,12000,남가좌동,388,11410-4762,DMC센트럴아이파크,,84.94,19,2018,130000,2022-08-23,,,중개거래,,,
서대문구,11410,11600,창천동,510-2,11410-4202,3RU-City,,17.19,11,2013,21000,2022-08-31,O,22.09.26,직거래,,,
서대문구,11410,11000,북아현동,1011,11410-4476,신촌푸르지오,,59.8802,4,2015,135000,2022-08-29,,,직거래,,,
서대문구,11410,12000,남가좌동,377,11410-102,DMC래미안클라시스,,84.9,14,2000,90000,2022-08-22,,,중개거래,,,
서대문구,11410,11000,북아현동,1009,11410-13,두산,,59.96,2,1999,82000,2022-08-21,O,22.11.04,중개거래,,,
서대문구,11410,11800,홍은동,202-5,11410-95,"현대(1,2차)",,74.52,6,1988,75500,2022-08-15,,,중개거래,,,
서대문구,11410,11800,홍은동,13-25,11410-4918,북한산두산위브2차,,59.7501,14,2021,88000,2022-08-26,,,중개거래,,,
서대문구,11410,11100,홍제동,459,11410-73,홍제원현대(459-0),,59.93,16,2000,73000,2022-08-11,,,중개거래,,,
서대문구,11410,11200,대현동,144,11410-22,신촌럭키,,83.38,12,1999,105000,2022-08-13,,,중개거래,,,
서대문구,11410,11800,홍은동,453-2,11410-93,풍림2,,58.5,3,1990,65000,2022-08-13,,,중개거래,,,
서대문구,11410,11900,북가좌동,481,11410-4085,DMC래미안e편한세상,,120.95,9,2012,155000,2022-08-01,,,중개거래,,,
서대문구,11410,11800,홍은동,8-476,11410-79,동림,,84.74,8,2001,66500,2022-08-17,,,중개거래,,,
서대문구,11410,11600,창천동,368,11410-25,엘르빌2차,,101.19,1,2002,72500,2022-08-06,,,중개거래,,,
서대문구,11410,11900,북가좌동,481,11410-4085,DMC래미안e편한세상,,84.92,11,2012,110000,2022-08-18,,,직거래,,,
서대문구,11410,11700,연희동,708-4,11410-37,홍연,,54.35,1,1981,50000,2022-08-06,,,중개거래,,,
서대문구,11410,12000,남가좌동,388,11410-4762,DMC센트럴아이파크,,84.98,14,2018,135000,2022-08-01,,,중개거래,,,
서대문구,11410,11800,홍은동,463,11410-4044,동원베네스트,,84.9573,4,2012,80000,2022-08-17,,,직거래,,,
서대문구,11410,12000,남가좌동,385,11410-4480,DMC파크뷰자이2단지,,84.99,14,2015,107000,2022-08-16,,,중개거래,,,
서대문구,11410,12000,남가좌동,385,11410-4482,DMC파크뷰자이4단지,,84.968,13,2015,115000,2022-08-01,,,중개거래,,,
마포구,11440,12300,망원동,513,11440-453,상암마젤란21,,55.85,14,2005,56000,2022-08-25,,,직거래,,,
마포구,11440,10200,공덕동,371,11440-4,공덕1삼성래미안,,114.88,20,1999,180000,2022-08-22,,,중개거래,,,
마포구,11440,10100,아현동,777,11440-5410,마포래미안푸르지오4단지,,59.9656,7,2014,145000,2022-08-26,,,중개거래,,,
마포구,11440,12200,합정동,473,11440-5606,마포한강2차푸르지오,,83.45,14,2016,165000,2022-08-31,O,23.04.24,중개거래,,,
마포구,11440,10100,아현동,777,11440-5406,마포래미안푸르지오2단지,,114.7267,23,2014,220000,2022-08-19,,,중개거래,,,
마포구,11440,10300,신공덕동,15-80,11440-5440,공덕프로포즈Ⅱ,,14.03,12,2015,15000,2022-08-24,,,중개거래,,,
마포구,11440,12300,망원동,433-9,11440-127,미원2,,55.29,8,1997,59500,2022-08-27,,,중개거래,,,
마포구,11440,10800,대흥동,806,11440-5861,마포그랑자이,,84.98,7,2020,174000,2022-08-13,,,중개거래,,,
마포구,11440,12000,서교동,458-6,11440-4872,에덴지우,,70.91,7,2011,64500,2022-08-13,,,중개거래,,,
마포구,11440,10900,염리동,521,11440-147,마포자이,,84.692,1,2003,160000,2022-08-27,,,중개거래,,,
마포구,11440,10500,용강동,508,11440-5449,이편한세상마포리버파크,,59.98,17,2016,157000,2022-08-06,,,중개거래,,,
마포구,11440,12500,성산동,646-2,11440-4192,삼우캐슬,,71.04,3,2008,52000,2022-08-16,,,중개거래,,,
마포구,11440,10400,도화동,82,11440-17,우성,,68.94,14,1991,118000,2022-08-18,,,직거래,,,
마포구,11440,10800,대흥동,12-41,11440-5381,서희스타힐스,,12.85,12,2014,16500,2022-08-05,,,중개거래,,,
마포구,11440,11000,노고산동,107-36,11440-37,현대벤처빌,,34.64,12,2002,29000,2022-08-13,,,중개거래,,,
마포구,11440,11500,상수동,402,11440-5428,래미안밤섬리베뉴Ⅰ,,59.99,20,2014,121000,2022-08-11,,,중개거래,,,
양천구,11470,10300,신월동,1077,11470-5629,목동센트럴아이파크위브3단지,,84.98,2,2020,97000,2022-08-29,,,중개거래,,,
양천구,11470,10300,신월동,1075,11470-5627,목동센트럴아이파크위브1단지,,84.98,3,2020,103000,2022-08-27,O,22.12.06,중개거래,,,
양천구,11470,10300,신월동,987-1,11470-83,신월시영,,59.49,1,1988,75500,2022-08-30,,,중개거래,,,
양천구,11470,10100,신정동,326,11470-121,목동신시가지12,,71.64,11,1988,133000,2022-08-27,,,중개거래,,,
양천구,11470,10100,신정동,1285,11470-170,푸른마을4,,84.99,4,2002,81000,2022-08-16,,,중개거래,,,
양천구,11470,10300,신월동,607-1,11470-72,동방,,27.69,10,1999,17500,2022-08-24,,,중개거래,,,
양천구,11470,10200,목동,928,11470-2,건영,,84.39,3,1994,57000,2022-08-30,,,중개거래,,,
양천구,11470,10100,신정동,1277,11470-140,신트리4,,48.96,3,2000,65000,2022-08-17,,,중개거래,,,
양천구,11470,10300,신월동,987-1,11470-83,신월시영,,59.49,12,1988,75500,2022-08-19,,,중개거래,,,
양천구,11470,10100,신정동,325,11470-120,목동신시가지11,,66.24,3,1988,148250,2022-08-04,,,중개거래,,,
양천구,11470,10300,신월동,487-1,11470-295,성림,,84.87,6,2004,29000,2022-08-23,,,중개거래,,,
양천구,11470,10300,신월동,1031,11470-334,신도브래뉴2차,,59.9,5,2004,58500,2022-08-17,,,중개거래,,,
양천구,11470,10200,목동,929,11470-46,목동청구한신아파트,,84.76,12,1997,143000,2022-08-26,,,중개거래,,,
양천구,11470,10300,신월동,217-2,11470-68,나산,,84.18,16,1997,54000,2022-08-25,,,중개거래,,,
양천구,11470,10300,신월동,166-27,11470-196,훼미리주상복합,,100.3,6,2004,46500,2022-08-01,,,중개거래,,,
양천구,11470,10300,신월동,29-7,11470-275,행복한세상,,83.57,7,2004,47500,2022-08-05,,,중개거래,,,
양천구,11470,10300,신월동,987-1,11470-83,신월시영,,50.67,10,1988,65000,2022-08-15,,,중개거래,,,
양천구,11470,10300,신월동,341-1,11470-67,길훈,,42.57,5,1987,36000,2022-08-25,,,직거래,,,
양천구,11470,10200,목동,966,11470-5595,목동에버하임,,41.06,8,2019,45500,2022-08-10,,,중개거래,,,
양천구,11470,10300,신월동,447-3,11470-3941,상아아름,,98.31,1,2005,53500,2022-08-19,,,중개거래,,,
양천구,11470,10200,목동,715-3,11470-4894,동구햇살아파트2차,,59.5,2,2013,57000,2022-08-05,,,중개거래,,,
양천구,11470,10200,목동,743-19,11470-4003,상진지오밸리가동,,105.73,1,2006,90000,2022-08-05,,,중개거래,,,
양천구,11470,10200,목동,951,11470-271,금호어울림,,84.99,4,2004,100000,2022-08-01,,,직거래,,,
강서구,11500,10300,화곡동,354-52,11500-5261,화곡동복지다동,,53.94,1,1974,30500,2022-08-29,,,중개거래,,,
강서구,11500,10300,화곡동,1161,11500-6622,강서동도센트리움,,14.677,5,2012,10500,2022-08-11,,,중개거래,,,
강서구,11500,10200,등촌동,634-13,11500-65,심미에셈빌,,83.32,4,2003,60800,2022-08-09,,,중개거래,,,
강서구,11500,10200,등촌동,655-27,11500-62,현대,,84.62,8,1995,82000,2022-08-31,,,중개거래,,,
강서구,11500,10300,화곡동,354-52,11500-5261,화곡동복지다동,,53.94,1,1974,30500,2022-08-31,O,22.11.02,중개거래,,,
강서구,11500,10300,화곡동,1131-11,11500-345,남광아파트(1131-11),,64.18,6,2003,29500,2022-08-31,,,중개거래,,,
강서구,11500,10300,화곡동,926-5,11500-6746,한양아이클래스,,13.79,9,2013,8600,2022-08-23,,,중개거래,,,
강서구,11500,10200,등촌동,702,11500-53,주공10,,58.14,8,1995,79000,2022-08-26,,,중개거래,,,
강서구,11500,10100,염창동,292,11500-6,동아,,84.95,7,1998,95000,2022-08-29,O,22.11.02,중개거래,,,
강서구,11500,10200,등촌동,695,11500-56,주공5,,37.67,9,1995,52000,2022-08-23,,,중개거래,,,
강서구,11500,10400,가양동,1475,11500-146,강변,,34.44,3,1992,52000,2022-08-15,,,중개거래,,,
강서구,11500,10500,마곡동,750,11500-6868,마곡엠벨리(14단지),,114.86,15,2014,170000,2022-08-27,,,중개거래,,,
강서구,11500,10100,염창동,288,11500-28,현대1,,84.19,9,1994,99000,2022-08-18,,,중개거래,,,
강서구,11500,10100,염창동,57,11500-5202,지오빌,,84.95,2,2006,56500,2022-08-22,,,중개거래,,,
강서구,11500,10300,화곡동,1140,11500-105,태영방송인,,59.94,12,2000,49000,2022-08-24,,,중개거래,,,
강서구,11500,10300,화곡동,918-25,11500-6801,AndPra레지던스,,15.26,13,2013,15000,2022-08-24,,,중개거래,,,
강서구,11500,10400,가양동,1485,11500-149,가양6단지,,58.65,8,1992,91000,2022-08-05,,,중개거래,,,
강서구,11500,10200,등촌동,715,11500-263,등촌동아이파크,,84.9958,19,2004,98000,2022-08-06,,,중개거래,,,
강서구,11500,10300,화곡동,1165,11500-6919,강서힐스테이트,,59.99,4,2015,100000,2022-08-08,,,직거래,,,
강서구,11500,10300,화곡동,1145,11500-242,우장산롯데캐슬,,177.86,24,2003,156000,2022-08-24,O,22.11.28,중개거래,,,
강서구,11500,10400,가양동,1475,11500-146,강변,,39.6,4,1992,65000,2022-08-05,,,중개거래,,,
강서구,11500,10400,가양동,1475,11500-146,강변,,39.6,13,1992,64000,2022-08-05,,,중개거래,,,
강서구,11500,10200,등촌동,634-13,11500-65,심미에셈빌,,83.32,4,2003,60800,2022-08-09,O,22.09.29,중개거래,,,
강서구,11500,10300,화곡동,342-35,11500-5254,근상프리즘(342-35),,84.07,4,2006,67000,2022-08-13,,,중개거래,,,
강서구,11500,10300,화곡동,1161,11500-6622,강서동도센트리움,,14.677,5,2012,10500,2022-08-16,O,22.10.13,중개거래,,,
강서구,11500,10200,등촌동,688,11500-55,주공3,,58.14,6,1995,78500,2022-08-08,,,중개거래,,,
강서구,11500,10200,등촌동,715,11500-263,등촌동아이파크,,84.9958,1,2004,100000,2022-08-04,,,중개거래,,,
강서구,11500,10300,화곡동,1161,11500-6622,강서동도센트리움,,14.677,3,2012,9800,2022-08-16,,,중개거래,,,
강서구,11500,10900,방화동,619-7,11500-6675,AirPalace(619-7),,14.1,6,2013,9400,2022-08-05,,,중개거래,,,
강서구,11500,10300,화곡동,928-25,11500-6464,로얄홈타운(102동),,39.61,5,2012,30900,2022-08-18,,,직거래,,,
강서구,11500,10300,화곡동,926-5,11500-6746,한양아이클래스,,13.79,9,2013,8500,2022-08-16,,,중개거래,,,
강서구,11500,10300,화곡동,916-9,11500-6678,프라임하우스(916-9),,34.32,9,2013,20000,2022-08-09,,,직거래,,,
강서구,11500,10500,마곡동,748,11500-7596,마곡13단지힐스테이트마스터,,59.9825,15,2017,98000,2022-08-11,,,중개거래,,,
강서구,11500,10900,방화동,615-103,11500-218,형제,,73.92,4,1982,70000,2022-08-09,,,직거래,,,
강서구,11500,10300,화곡동,926-5,11500-6746,한양아이클래스,,13.79,6,2013,8500,2022-08-08,,,중개거래,,,
강서구,11500,10600,내발산동,756,11500-5741,마곡수명산파크7단지,,84.82,9,2008,70000,2022-08-01,O,22.08.09,직거래,,,
강서구,11500,10300,화곡동,355-22,11500-319,꿈동산(355-22),,59.32,6,2001,26000,2022-08-08,,,중개거래,,,
강서구,11500,10300,화곡동,926-5,11500-6746,한양아이클래스,,13.79,8,2013,8500,2022-08-04,,,중개거래,,,
강서구,11500,10300,화곡동,915-6,11500-137,한백e,,57.06,4,2002,30000,2022-08-02,,,중개거래,,,
구로구,11530,11200,항동,242,11530-4325,하버라인3단지,,59.86,10,2019,66000,2022-08-27,,,중개거래,,,
구로구,11530,10800,오류동,150-42,11530-99,길훈,,53.94,4,1986,37200,2022-08-27,,,중개거래,,,
구로구,11530,10800,오류동,344,11530-152,경남아너스빌,,59.98,5,2003,60000,2022-08-20,,,중개거래,,,
구로구,11530,10600,고척동,321,11530-62,우성꿈동산,,84.19,1,1996,61000,2022-08-23,,,중개거래,,,
구로구,11530,10200,구로동,685-70,11530-39,현대연예인,,74.94,8,1989,77000,2022-08-26,,,중개거래,,,
구로구,11530,10700,개봉동,481,11530-91,현대,,114.99,16,2001,99000,2022-08-26,,,중개거래,,,
구로구,11530,10600,고척동,52-332,11530-67,한효,,63.57,10,1985,57000,2022-08-22,,,중개거래,,,
구로구,11530,10700,개봉동,481,11530-91,현대,,114.99,7,2001,80000,2022-08-26,,,중개거래,,,
구로구,11530,10100,신도림동,642,11530-127,대림1,,134.99,1,1999,119000,2022-08-18,,,중개거래,,,
구로구,11530,10800,오류동,343,11530-153,금강(343),,60.054,1,2003,68000,2022-08-20,,,중개거래,,,
구로구,11530,10800,오류동,342,11530-115,영풍마드레빌,,84.741,3,2002,77000,2022-08-13,,,중개거래,,,
구로구,11530,10200,구로동,780-50,11530-501,(780-50),,50.34,4,1997,30500,2022-08-12,,,중개거래,,,
구로구,11530,10200,구로동,106-2,11530-3957,대림역포스큐,,14.579,16,2015,12000,2022-08-31,,,중개거래,,,
구로구,11530,10100,신도림동,647,11530-150,대림e-편한세상5,,84.789,17,2003,120000,2022-08-12,,,중개거래,,,
구로구,11530,10600,고척동,57-9,11530-53,산업인,,48.04,4,1976,32000,2022-08-23,,,중개거래,,,
구로구,11530,10200,구로동,1265,11530-9,구로두산,,44.64,20,1998,49450,2022-08-19,,,중개거래,,,
구로구,11530,10200,구로동,567-4,11530-3229,구로에스케이뷰,,84.945,5,2006,79000,2022-08-09,,,중개거래,,,
구로구,11530,10700,개봉동,470,11530-80,삼환,,59.4,20,1995,59000,2022-08-19,,,중개거래,,,
구로구,11530,10200,구로동,98-10,11530-3652,비즈트위트그린,,15.11,14,2012,10900,2022-08-31,,,중개거래,,,
구로구,11530,10100,신도림동,695,11530-4297,신도림 아르디에,,31.94,3,2018,36000,2022-08-31,,,직거래,,,
구로구,11530,10800,오류동,75-2,11530-4009,오류동역솔리스타,,19.27,9,2016,10000,2022-08-31,,,직거래,,,
구로구,11530,10200,구로동,98-10,11530-3652,비즈트위트그린,,14.86,16,2012,10700,2022-08-04,,,중개거래,,,
구로구,11530,11100,천왕동,282,11530-3514,천왕이펜하우스1단지,,59.94,1,2011,65000,2022-08-25,,,직거래,,,
구로구,11530,10200,구로동,97-4,11530-3536,하나세인스톤2차,,19.33,14,2011,14300,2022-08-02,,,중개거래,,,
구로구,11530,10700,개봉동,476,11530-89,한마을,,59.57,16,1999,74000,2022-08-10,,,중개거래,,,
구로구,11530,10200,구로동,44-8,11530-3730,비즈트위트오렌지,,15.6,2,2013,10000,2022-08-08,,,직거래,,,
구로구,11530,10800,오류동,34-13,11530-3799,썬앤빌,,14.064,11,2014,8350,2022-08-20,,,중개거래,,,
구로구,11530,10200,구로동,44-5,11530-3601,비즈트위트레인보우,,15.58,2,2012,12000,2022-08-07,,,중개거래,,,
구로구,11530,10200,구로동,106-2,11530-3957,대림역포스큐,,14.579,19,2015,11800,2022-08-03,,,중개거래,,,
구로구,11530,10200,구로동,104-9,11530-43,성호메이플라워멤버스빌,,31.75,7,2002,15000,2022-08-17,,,중개거래,,,
구로구,11530,10200,구로동,44-5,11530-3601,비즈트위트레인보우,,15.17,4,2012,11800,2022-08-22,,,직거래,,,
구로구,11530,10700,개봉동,478,11530-90,한진,,84.96,15,2000,70000,2022-08-16,,,중개거래,,,
구로구,11530,10200,구로동,110,11530-3583,종인아네스트,,16.04,16,2012,18000,2022-08-19,,,직거래,,,
구로구,11530,10200,구로동,110,11530-3583,종인아네스트,,21.29,17,2012,13500,2022-08-16,,,중개거래,,,
구로구,11530,10200,구로동,110-8,11530-3438,하나세인스톤1차,,21.7256,12,2011,20000,2022-08-09,,,직거래,,,
구로구,11530,10200,구로동,797-5,11530-596,(797-5),,33.12,2,1996,22300,2022-08-06,,,중개거래,,,
구로구,11530,10200,구로동,110-8,11530-3438,하나세인스톤1차,,21.7256,13,2011,16000,2022-08-03,,,중개거래,,,
구로구,11530,10800,오류동,75-2,11530-4009,오류동역솔리스타,,19.09,6,2016,11550,2022-08-02,,,중개거래,,,
금천구,11545,10100,가산동,769,11545-2,두산,,59.84,10,1998,72000,2022-08-28,,,중개거래,,,
금천구,11545,10300,시흥동,5-13,11545-41,삼익,,59.9,12,1999,48500,2022-08-26,,,중개거래,,,
금천구,11545,10100,가산동,140-36,11545-1957,비즈트위트바이올렛5차,,12.1,10,2014,9500,2022-08-17,O,23.01.25,중개거래,,,
금천구,11545,10100,가산동,140-36,11545-1957,비즈트위트바이올렛5차,,12.31,8,2014,10000,2022-08-17,,,중개거래,,,
금천구,11545,10200,독산동,1147,11545-2262,금천롯데캐슬골드파크1차,,71.39,18,2016,107000,2022-08-31,,,중개거래,,,
금천구,11545,10300,시흥동,1011,11545-63,우방,,84.84,3,2002,70000,2022-08-17,,,중개거래,,,
금천구,11545,10300,시흥동,1026,11545-1642,남서울힐스테이트,,115.801,9,2014,91000,2022-08-11,,,직거래,,,
금천구,11545,10200,독산동,332-14,11545-5,계룡아파트,,59.34,6,1998,50000,2022-08-03,,,중개거래,,,
금천구,11545,10200,독산동,1136,11545-21,진도3차아파트,,79.71,5,1999,70000,2022-08-03,,,중개거래,,,
금천구,11545,10100,가산동,143-6,11545-2452,가산지웰에스테이트2차,,14.12,11,2018,14000,2022-08-25,O,22.08.25,직거래,,,
금천구,11545,10100,가산동,140-36,11545-1957,비즈트위트바이올렛5차,,12.19,11,2014,12800,2022-08-29,,,직거래,,,
금천구,11545,10100,가산동,140-36,11545-1957,비즈트위트바이올렛5차,,12.19,11,2014,12800,2022-08-29,,,직거래,,,
금천구,11545,10300,시흥동,1026,11545-1642,남서울힐스테이트,,84.786,19,2014,103000,2022-08-25,,,중개거래,,,
금천구,11545,10300,시흥동,1026,11545-1642,남서울힐스테이트,,84.786,24,2014,93000,2022-08-18,,,중개거래,,,
금천구,11545,10300,시흥동,992-2,11545-33,남서울건영아파트,,77.02,8,1982,70000,2022-08-17,,,중개거래,,,
금천구,11545,10300,시흥동,1026,11545-1642,남서울힐스테이트,,115.801,9,2014,91000,2022-08-11,O,22.09.02,직거래,,,
금천구,11545,10200,독산동,711-2,11545-23,금천현대,,84.83,5,2002,64000,2022-08-08,,,중개거래,,,
금천구,11545,10300,시흥동,882-61,11545-1734,와이즈플레이스,,14.22,19,2012,9300,2022-08-13,,,중개거래,,,
금천구,11545,10100,가산동,141-2,11545-1825,가산양우내안에애플,,12.04,17,2013,10100,2022-08-16,,,중개거래,,,
금천구,11545,10100,가산동,143-6,11545-2452,가산지웰에스테이트2차,,14.12,12,2018,13800,2022-08-08,,,직거래,,,
금천구,11545,10100,가산동,141-2,11545-1825,가산양우내안에애플,,12.04,8,2013,11200,2022-08-05,,,중개거래,,,
금천구,11545,10100,가산동,143-20,11545-2332,가산피어니빌,,13.8029,5,2017,17000,2022-08-03,,,직거래,,,
영등포구,11560,11200,당산동2가,164,11560-31,당산2가현대홈타운,,82.77,8,1994,115000,2022-08-31,,,중개거래,,,
영등포구,11560,13300,대림동,717,11560-1602,쌍용플래티넘S,,31.5,8,2013,14400,2022-08-31,,,중개거래,,,
영등포구,11560,11700,당산동,121-200,11560-1564,휴브리지빌딩,,17.97,11,2012,16000,2022-08-29,,,중개거래,,,
영등포구,11560,11000,여의도동,28,11560-9,광장,,101.39,2,1978,215000,2022-08-25,,,중개거래,,,
영등포구,11560,11700,당산동,121-108,11560-1580,훼미리하우스138,,14.28,12,2013,13150,2022-08-29,,,중개거래,,,
영등포구,11560,10100,영등포동,651,11560-2213,라르파크,,30.2372,13,2021,50000,2022-08-06,,,중개거래,,,
영등포구,11560,13300,대림동,1101-7,11560-2043,G밸리소홈,,16.1,12,2018,14950,2022-08-23,,,중개거래,,,
영등포구,11560,13300,대림동,650,11560-124,성원(650),,59.63,22,1995,61000,2022-08-26,,,중개거래,,,
영등포구,11560,11000,여의도동,47,11560-1369,여의도자이,,182.45,15,2008,320000,2022-08-23,,,중개거래,,,
영등포구,11560,12400,문래동6가,43,11560-74,한신,,40.04,11,1985,65000,2022-08-29,,,중개거래,,,
영등포구,11560,13300,대림동,687-1,11560-123,성락,,53.87,10,1989,40000,2022-08-26,,,중개거래,,,
영등포구,11560,12700,양평동3가,66,11560-88,삼호,,59.96,14,1998,81250,2022-08-17,,,중개거래,,,
영등포구,11560,10900,영등포동8가,91,11560-153,당산푸르지오,,163.68,3,2004,153000,2022-08-16,,,중개거래,,,
영등포구,11560,10200,영등포동1가,113-1,11560-1637,여의도씨티아이,,13.87,16,2013,13400,2022-08-18,,,중개거래,,,
영등포구,11560,13200,신길동,365,11560-111,우성1,,83.64,10,1986,100000,2022-08-24,,,중개거래,,,
영등포구,11560,10100,영등포동,651,11560-2213,라르파크,,30.3116,10,2021,51000,2022-08-05,,,중개거래,,,
영등포구,11560,11000,여의도동,30-2,11560-15,삼부,,146.68,12,1975,320000,2022-08-24,,,중개거래,,,
영등포구,11560,13200,신길동,261-22,11560-1609,신길레전드힐스,,13.55,4,2013,10000,2022-08-30,,,중개거래,,,
영등포구,11560,10100,영등포동,647,11560-2,영등포푸르지오,,59.912,19,2002,100000,2022-08-10,,,중개거래,,,
영등포구,11560,11700,당산동,121-108,11560-1580,훼미리하우스138,,14.28,9,2013,12600,2022-08-22,,,중개거래,,,
영등포구,11560,13200,신길동,4958,11560-2113,보라매에스케이뷰,,84.98,14,2020,130100,2022-08-31,O,22.08.31,직거래,,,
영등포구,11560,11600,당산동6가,336-4,11560-1573,유탑유블레스,,13.3867,5,2012,16000,2022-08-30,,,중개거래,,,
영등포구,11560,13200,신길동,4958,11560-2113,보라매에스케이뷰,,84.98,14,2020,130000,2022-08-29,O,22.08.31,직거래,,,
영등포구,11560,13200,신길동,65-21,11560-1639,프리가,,13.6,12,2013,13600,2022-08-29,,,중개거래,,,
영등포구,11560,10300,영등포동2가,28-117,11560-1581,이지리움S,,13.35,11,2013,15500,2022-08-26,,,중개거래,,,
영등포구,11560,10300,영등포동2가,94-129,11560-1957,경동미르웰여의도,,14.03,9,2017,17500,2022-08-16,,,중개거래,,,
영등포구,11560,12400,문래동6가,46,11560-76,현대1차,,79.52,1,1986,77000,2022-08-21,,,중개거래,,,
영등포구,11560,11700,당산동,121-130,11560-1732,리버뷰,,15.05,13,2015,13300,2022-08-24,,,직거래,,,
영등포구,11560,10900,영등포동8가,76-1,11560-7,삼환,,59.91,14,1999,95000,2022-08-13,,,중개거래,,,
영등포구,11560,11600,당산동6가,336-4,11560-1573,유탑유블레스,,13.7067,10,2012,16100,2022-08-19,,,중개거래,,,
영등포구,11560,12300,문래동5가,23-1,11560-68,문래현대5차,,84.79,12,1992,85000,2022-08-19,,,중개거래,,,
영등포구,11560,11800,도림동,821,11560-1665,영등포아트자이,,84.974,18,2014,124000,2022-08-06,,,중개거래,,,
영등포구,11560,13200,신길동,69-20,11560-2082,루나플라체,,13.42,11,2019,15000,2022-08-18,,,중개거래,,,
영등포구,11560,13300,대림동,717,11560-1602,쌍용플래티넘S,,18.24,5,2013,10800,2022-08-02,,,중개거래,,,
영등포구,11560,10100,영등포동,651,11560-2213,라르파크,,30.3116,10,2021,51000,2022-08-05,O,22.09.06,중개거래,,,
영등포구,11560,11200,당산동2가,16-1,11560-152,당산대우,,31.73,20,1999,40150,2022-08-13,,,중개거래,,,
영등포구,11560,13300,대림동,650,11560-124,성원(650),,59.63,18,1995,64000,2022-08-01,,,중개거래,,,
영등포구,11560,11600,당산동6가,336-4,11560-1573,유탑유블레스,,13.3867,10,2012,16300,2022-08-12,,,중개거래,,,
영등포구,11560,11700,당산동,121-108,11560-1580,훼미리하우스138,,14.28,4,2013,13000,2022-08-16,,,중개거래,,,
영등포구,11560,13300,대림동,717,11560-1602,쌍용플래티넘S,,18.24,8,2013,11800,2022-08-15,,,중개거래,,,
영등포구,11560,11000,여의도동,40-4,11560-27,화랑,,146.78,5,1977,270000,2022-08-09,O,23.11.28,중개거래,,,
영등포구,11560,11700,당산동,121-108,11560-1580,훼미리하우스138,,14.28,13,2013,13600,2022-08-08,,,중개거래,,,
영등포구,11560,11700,당산동,121-108,11560-1580,훼미리하우스138,,14.28,3,2013,13000,2022-08-04,,,중개거래,,,
영등포구,11560,13300,대림동,777-1,11560-125,신동아,,84.85,15,1987,76000,2022-08-01,,,중개거래,,,
영등포구,11560,13300,대림동,717,11560-1602,쌍용플래티넘S,,18.24,3,2013,10500,2022-08-03,,,직거래,,,
영등포구,11560,11000,여의도동,50,11560-20,시범,,156.99,9,1971,320000,2022-08-01,,,중개거래,,,
동작구,11590,10200,상도동,7-98,11590-4933,상도고구아파트,,29.98,2,2019,32000,2022-08-26,,,직거래,,,
동작구,11590,10500,흑석동,341,11590-4876,아크로리버하임,,84.7536,4,2019,185000,2022-08-29,,,중개거래,,,
동작구,11590,10200,상도동,363-164,11590-4526,상도휴엔하임,,14.7,3,2016,13900,2022-08-27,,,중개거래,,,
동작구,11590,10500,흑석동,332,11590-3713,해가든,,116.04,11,2010,154000,2022-08-25,,,중개거래,,,
동작구,11590,10700,사당동,105,11590-38,극동(105),,59.25,4,1993,100000,2022-08-31,,,중개거래,,,
동작구,11590,10100,노량진동,323,11590-5,우성,,84.96,14,1997,100000,2022-08-27,,,중개거래,,,
동작구,11590,10500,흑석동,28,11590-36,한강현대,,66.225,5,1988,136000,2022-08-22,,,중개거래,,,
동작구,11590,10800,대방동,501,11590-57,대림아파트,,59.84,5,1993,110000,2022-08-26,,,중개거래,,,
동작구,11590,10500,흑석동,335,11590-3773,흑석한강센트레빌,,84.84,2,2011,174000,2022-08-18,,,중개거래,,,
동작구,11590,10700,사당동,1160,11590-4948,사당롯데캐슬골든포레,,59.9775,1,2021,92600,2022-08-22,,,중개거래,,,
동작구,11590,10200,상도동,7-98,11590-4933,상도고구아파트,,29.98,2,2019,32000,2022-08-26,O,23.03.30,직거래,,,
동작구,11590,10900,신대방동,565,11590-76,우성1차,,157.07,11,1988,170000,2022-08-24,,,중개거래,,,
동작구,11590,10100,노량진동,57-1,11590-4413,메가스터디타워,,15.974,13,2015,17000,2022-08-27,,,중개거래,,,
동작구,11590,10900,신대방동,395-68,11590-69,보라매나산스위트,,219.51,23,1996,190000,2022-08-17,,,중개거래,,,
동작구,11590,10700,사당동,105,11590-89,사당우성3,,59.89,7,1993,101000,2022-08-25,,,중개거래,,,
동작구,11590,10200,상도동,532,11590-3991,씨티아모리움,,12.7071,5,2012,12900,2022-08-27,,,중개거래,,,
동작구,11590,10100,노량진동,323,11590-5,우성,,59.82,2,1997,92000,2022-08-13,,,중개거래,,,
동작구,11590,10800,대방동,500,11590-59,성원,,84.32,22,1994,135000,2022-08-06,,,중개거래,,,
동작구,11590,10800,대방동,501,11590-57,대림아파트,,134.25,2,1993,164000,2022-08-08,,,중개거래,,,
동작구,11590,10700,사당동,240-15,11590-51,제일,,60.03,8,1987,90000,2022-08-05,,,중개거래,,,
동작구,11590,10100,노량진동,330,11590-3,삼익,,84.68,4,2001,86000,2022-08-12,,,중개거래,,,
동작구,11590,10700,사당동,105,11590-38,극동(105),,46.75,4,1993,63000,2022-08-24,,,직거래,,,
동작구,11590,10200,상도동,411,11590-85,대림아파트,,84.89,11,1995,87000,2022-08-23,,,중개거래,,,
동작구,11590,10200,상도동,418,11590-99,쌍용스윗닷홈,,59.578,11,2003,88000,2022-08-13,,,중개거래,,,
동작구,11590,10200,상도동,363-164,11590-4526,상도휴엔하임,,14.7,8,2016,14700,2022-08-13,,,중개거래,,,
동작구,11590,10200,상도동,531,11590-3954,힐스테이트 상도 센트럴파크,,59.7754,10,2012,115000,2022-08-08,,,직거래,,,
관악구,11620,10200,신림동,1665-9,11620-4049,호등자이젠아파트(1665-9),,104.07,5,2004,59000,2022-08-20,,,중개거래,,,
관악구,11620,10100,봉천동,1591-2,11620-17,서울대입구삼성,,59.78,13,1999,75000,2022-08-27,,,중개거래,,,
관악구,11620,10100,봉천동,1707-1,11620-22,은천2단지아파트,,49.95,6,2000,60000,2022-08-21,,,중개거래,,,
관악구,11620,10100,봉천동,1000,11620-28,현대(관악),,116.72,6,1992,106000,2022-08-19,O,22.09.14,중개거래,,,
관악구,11620,10100,봉천동,1706,11620-21,봉천우성,,84.96,9,2000,87000,2022-08-20,,,중개거래,,,
관악구,11620,10100,봉천동,296,11620-7,낙성대현대(296),,84.97,3,1998,75000,2022-08-30,,,중개거래,,,
관악구,11620,10200,신림동,1693,11620-43,국제산장,,84.15,8,1993,62200,2022-08-04,,,중개거래,,,
관악구,11620,10200,신림동,1727,11620-101,그대家,,59.6,11,2003,59000,2022-08-29,,,중개거래,,,
관악구,11620,10200,신림동,534-1,11620-4583,아데나,,17.94,8,2010,12300,2022-08-24,,,중개거래,,,
관악구,11620,10200,신림동,1735,11620-4347,관악산휴먼시아2단지,,84.97,5,2008,81000,2022-08-01,O,22.09.01,중개거래,,,
관악구,11620,10100,봉천동,1717,11620-102,관악푸르지오,,114.69,11,2004,120000,2022-08-23,,,중개거래,,,
관악구,11620,10100,봉천동,1717,11620-102,관악푸르지오,,59.58,9,2004,94000,2022-08-29,,,중개거래,,,
관악구,11620,10200,신림동,1744,11620-6055,신림스카이아파트,,50.46,11,2021,57000,2022-08-04,,,직거래,,,
관악구,11620,10200,신림동,1639-51,11620-5091,푸리마타운,,12.25,10,2014,12800,2022-08-10,,,중개거래,,,
관악구,11620,10200,신림동,1639-51,11620-5091,푸리마타운,,13.66,13,2014,20000,2022-08-22,,,직거래,,,
관악구,11620,10200,신림동,1463-11,11620-4684,지붕위애,,19.58,10,2012,13900,2022-08-16,,,중개거래,,,
관악구,11620,10200,신림동,1694,11620-58,신림현대,,34.86,1,1993,42000,2022-08-16,O,22.08.22,중개거래,,,
관악구,11620,10100,봉천동,867-12,11620-4853,프라비다2,,24.11,10,2013,20000,2022-08-02,,,중개거래,,,
서초구,11650,10600,잠원동,158,11650-4439,래미안신반포팰리스,,84.49,19,2016,295000,2022-08-19,,,중개거래,,,
서초구,11650,10600,잠원동,158,11650-4439,래미안신반포팰리스,,84.49,19,2016,295000,2022-08-21,O,22.09.20,중개거래,,,
서초구,11650,10800,서초동,1337-3,11650-4072,urbanplace,,20.998,6,2014,21000,2022-08-19,,,중개거래,,,
서초구,11650,10800,서초동,1337-3,11650-4072,urbanplace,,21.007,3,2014,20900,2022-08-19,,,중개거래,,,
서초구,11650,10100,방배동,918-14,11650-403,멤버스빌,,84.9,5,2003,110000,2022-08-27,,,중개거래,,,
서초구,11650,10800,서초동,1333,11650-53,신동아아파트(1차),,88.68,7,1978,205000,2022-08-26,,,중개거래,,,
서초구,11650,10100,방배동,1344,11650-290,방배1차현대홈타운,,59.94,6,1999,180000,2022-08-19,,,중개거래,,,
서초구,11650,10100,방배동,1344,11650-290,방배1차현대홈타운,,84.96,4,1999,210000,2022-08-19,,,중개거래,,,
서초구,11650,10100,방배동,758-4,11650-310,삼호2,,177.52,2,1976,230000,2022-08-22,,,중개거래,,,
서초구,11650,10100,방배동,804-1,11650-577,리벨루스(804-1),,122.27,4,2003,146000,2022-08-23,,,중개거래,,,
서초구,11650,10600,잠원동,48-5,11650-612,성진준빌라트,,56.72,2,2003,58000,2022-08-16,,,중개거래,,,
서초구,11650,10800,서초동,1593-7,11650-521,서초이오빌,,45.96,19,2003,41500,2022-08-09,,,중개거래,,,
서초구,11650,10800,서초동,1675-11,11650-606,서초대우아이빌,,35.307,9,2003,30000,2022-08-11,,,중개거래,,,
서초구,11650,10700,반포동,18-1,11650-3559,래미안퍼스티지,,84.93,27,2009,378000,2022-08-16,O,22.11.02,중개거래,,,
서초구,11650,10700,반포동,18-1,11650-3559,래미안퍼스티지,,59.89,27,2009,255000,2022-08-25,,,중개거래,,,
서초구,11650,10800,서초동,1451-89,11650-3944,서초중흥S-클래스(도시형생활주택),,20.68,5,2013,20000,2022-08-19,,,중개거래,,,
서초구,11650,10800,서초동,1330,11650-608,서초동삼성쉐르빌2,,35.22,4,2002,30000,2022-08-29,,,중개거래,,,
서초구,11650,10200,양재동,137-1,11650-433,우성112,,84.58,4,1991,136000,2022-08-01,,,중개거래,,,
서초구,11650,10800,서초동,1330,11650-608,서초동삼성쉐르빌2,,70.49,4,2002,93000,2022-08-12,,,중개거래,,,
서초구,11650,10800,서초동,1640-3,11650-52,수광빌라트,,215.22,4,1996,150000,2022-08-18,,,직거래,,,
서초구,11650,10700,반포동,968,11650-209,에이아이디차관주택,,72.51,1,1974,262124,2022-08-01,,,직거래,,,
서초구,11650,10600,잠원동,50-1,11650-682,롯데캐슬갤럭시(50-1),,132.78,13,2004,290000,2022-08-16,,,중개거래,,,
서초구,11650,10800,서초동,1333,11650-53,신동아아파트(1차),,132.1,11,1978,290000,2022-08-12,,,중개거래,,,
서초구,11650,10600,잠원동,51,11650-154,훼미리,,84.9,8,1992,215000,2022-08-08,,,중개거래,,,
서초구,11650,10100,방배동,866-20,11650-3191,방배대우디오빌,,28.84,4,2005,27000,2022-08-02,,,직거래,,,
강남구,11680,10700,신사동,588-16,11680-4357,썬-타워빌딩,,16.4,9,2015,46534,2022-08-30,,,직거래,,,
강남구,11680,10700,신사동,588-16,11680-4357,썬-타워빌딩,,16.4,9,2015,46534,2022-08-30,,,직거래,,,
강남구,11680,10700,신사동,588-16,11680-4357,썬-타워빌딩,,16.4,9,2015,46534,2022-08-30,,,직거래,,,
강남구,11680,10700,신사동,588-16,11680-4357,썬-타워빌딩,,23.72,9,2015,67352,2022-08-30,,,직거래,,,
강남구,11680,10700,신사동,588-16,11680-4357,썬-타워빌딩,,15.42,9,2015,43757,2022-08-30,,,직거래,,,
강남구,11680,10700,신사동,588-16,11680-4357,썬-타워빌딩,,15.42,9,2015,43757,2022-08-30,,,직거래,,,
강남구,11680,10700,신사동,588-16,11680-4357,썬-타워빌딩,,15.42,9,2015,43757,2022-08-30,,,직거래,,,
강남구,11680,10700,신사동,588-16,11680-4357,썬-타워빌딩,,15.42,9,2015,43757,2022-08-30,,,직거래,,,
강남구,11680,10700,신사동,588-16,11680-4357,썬-타워빌딩,,15.42,9,2015,43757,2022-08-30,,,직거래,,,
강남구,11680,10700,신사동,588-16,11680-4357,썬-타워빌딩,,16.4,8,2015,46534,2022-08-30,,,직거래,,,
강남구,11680,10700,신사동,588-16,11680-4357,썬-타워빌딩,,16.4,8,2015,46534,2022-08-30,,,직거래,,,
강남구,11680,10700,신사동,588-16,11680-4357,썬-타워빌딩,,16.4,8,2015,46534,2022-08-30,,,직거래,,,
강남구,11680,10700,신사동,588-16,11680-4357,썬-타워빌딩,,23.72,8,2015,67352,2022-08-30,,,직거래,,,
강남구,11680,10700,신사동,588-16,11680-4357,썬-타워빌딩,,15.42,8,2015,43757,2022-08-30,,,직거래,,,
강남구,11680,10700,신사동,588-16,11680-4357,썬-타워빌딩,,15.42,8,2015,43757,2022-08-30,,,직거래,,,
강남구,11680,10700,신사동,588-16,11680-4357,썬-타워빌딩,,15.42,8,2015,43757,2022-08-30,,,직거래,,,
강남구,11680,10700,신사동,588-16,11680-4357,썬-타워빌딩,,15.42,8,2015,43757,2022-08-30,,,직거래,,,
강남구,11680,10700,신사동,588-16,11680-4357,썬-타워빌딩,,15.42,8,2015,43757,2022-08-30,,,직거래,,,
강남구,11680,10700,신사동,588-16,11680-4357,썬-타워빌딩,,16.4,7,2015,46534,2022-08-30,,,직거래,,,
강남구,11680,10700,신사동,588-16,11680-4357,썬-타워빌딩,,16.4,7,2015,46534,2022-08-30,,,직거래,,,
강남구,11680,10700,신사동,588-16,11680-4357,썬-타워빌딩,,16.4,7,2015,46534,2022-08-30,,,직거래,,,
강남구,11680,10700,신사동,588-16,11680-4357,썬-타워빌딩,,23.72,7,2015,67352,2022-08-30,,,직거래,,,
강남구,11680,10700,신사동,588-16,11680-4357,썬-타워빌딩,,15.42,7,2015,43757,2022-08-30,,,직거래,,,
강남구,11680,10700,신사동,588-16,11680-4357,썬-타워빌딩,,15.42,7,2015,43757,2022-08-30,,,직거래,,,
강남구,11680,10700,신사동,588-16,11680-4357,썬-타워빌딩,,15.42,7,2015,43757,2022-08-30,,,직거래,,,
강남구,11680,10700,신사동,588-16,11680-4357,썬-타워빌딩,,15.42,7,2015,43757,2022-08-30,,,직거래,,,
강남구,11680,10700,신사동,588-16,11680-4357,썬-타워빌딩,,15.42,7,2015,43757,2022-08-30,,,직거래,,,
강남구,11680,10700,신사동,588-16,11680-4357,썬-타워빌딩,,16.4,6,2015,46534,2022-08-30,,,직거래,,,
강남구,11680,10700,신사동,588-16,11680-4357,썬-타워빌딩,,16.4,6,2015,46534,2022-08-30,,,직거래,,,
강남구,11680,10700,신사동,588-16,11680-4357,썬-타워빌딩,,16.4,6,2015,46534,2022-08-30,,,직거래,,,
강남구,11680,10700,신사동,588-16,11680-4357,썬-타워빌딩,,23.72,6,2015,67352,2022-08-30,,,직거래,,,
강남구,11680,10700,신사동,588-16,11680-4357,썬-타워빌딩,,15.42,6,2015,43757,2022-08-30,,,직거래,,,
강남구,11680,10700,신사동,588-16,11680-4357,썬-타워빌딩,,15.42,6,2015,43757,2022-08-30,,,직거래,,,
강남구,11680,10700,신사동,588-16,11680-4357,썬-타워빌딩,,15.42,6,2015,43757,2022-08-30,,,직거래,,,
강남구,11680,10700,신사동,588-16,11680-4357,썬-타워빌딩,,15.42,6,2015,43757,2022-08-30,,,직거래,,,
강남구,11680,10700,신사동,588-16,11680-4357,썬-타워빌딩,,15.42,6,2015,43757,2022-08-30,,,직거래,,,
강남구,11680,10700,신사동,588-16,11680-4357,썬-타워빌딩,,16.4,5,2015,46534,2022-08-30,,,직거래,,,
강남구,11680,10700,신사동,588-16,11680-4357,썬-타워빌딩,,16.4,5,2015,46534,2022-08-30,,,직거래,,,
강남구,11680,10700,신사동,588-16,11680-4357,썬-타워빌딩,,16.4,5,2015,46534,2022-08-30,,,직거래,,,
강남구,11680,10700,신사동,588-16,11680-4357,썬-타워빌딩,,23.72,5,2015,67352,2022-08-30,,,직거래,,,
강남구,11680,10700,신사동,588-16,11680-4357,썬-타워빌딩,,15.42,5,2015,43757,2022-08-30,,,직거래,,,
강남구,11680,10700,신사동,588-16,11680-4357,썬-타워빌딩,,15.42,5,2015,43757,2022-08-30,,,직거래,,,
강남구,11680,10700,신사동,588-16,11680-4357,썬-타워빌딩,,15.42,5,2015,43757,2022-08-30,,,직거래,,,
강남구,11680,10700,신사동,588-16,11680-4357,썬-타워빌딩,,15.42,5,2015,43757,2022-08-30,,,직거래,,,
강남구,11680,10700,신사동,588-16,11680-4357,썬-타워빌딩,,15.42,5,2015,43757,2022-08-30,,,직거래,,,
강남구,11680,10700,신사동,588-16,11680-4357,썬-타워빌딩,,16.4,9,2015,25000,2022-08-30,,,직거래,,,
강남구,11680,10700,신사동,588-16,11680-4357,썬-타워빌딩,,16.4,9,2015,25000,2022-08-30,,,직거래,,,
강남구,11680,10700,신사동,588-16,11680-4357,썬-타워빌딩,,16.4,9,2015,25000,2022-08-30,,,직거래,,,
강남구,11680,10700,신사동,588-16,11680-4357,썬-타워빌딩,,23.72,9,2015,33800,2022-08-30,,,직거래,,,
강남구,11680,10700,신사동,588-16,11680-4357,썬-타워빌딩,,15.42,9,2015,24200,2022-08-30,,,직거래,,,
강남구,11680,10700,신사동,588-16,11680-4357,썬-타워빌딩,,15.42,9,2015,24200,2022-08-30,,,직거래,,,
강남구,11680,10700,신사동,588-16,11680-4357,썬-타워빌딩,,15.42,9,2015,23700,2022-08-30,,,직거래,,,
강남구,11680,10700,신사동,588-16,11680-4357,썬-타워빌딩,,15.42,9,2015,24200,2022-08-30,,,직거래,,,
강남구,11680,10700,신사동,588-16,11680-4357,썬-타워빌딩,,15.42,9,2015,23700,2022-08-30,,,직거래,,,
강남구,11680,10700,신사동,588-16,11680-4357,썬-타워빌딩,,16.4,8,2015,24900,2022-08-30,,,직거래,,,
강남구,11680,10700,신사동,588-16,11680-4357,썬-타워빌딩,,16.4,8,2015,24900,2022-08-30,,,직거래,,,
강남구,11680,10700,신사동,588-16,11680-4357,썬-타워빌딩,,16.4,8,2015,24900,2022-08-30,,,직거래,,,
강남구,11680,10700,신사동,588-16,11680-4357,썬-타워빌딩,,23.72,8,2015,33700,2022-08-30,,,직거래,,,
강남구,11680,10700,신사동,588-16,11680-4357,썬-타워빌딩,,15.42,8,2015,24000,2022-08-30,,,직거래,,,
강남구,11680,10700,신사동,588-16,11680-4357,썬-타워빌딩,,15.42,8,2015,24000,2022-08-30,,,직거래,,,
강남구,11680,10700,신사동,588-16,11680-4357,썬-타워빌딩,,15.42,8,2015,23600,2022-08-30,,,직거래,,,
강남구,11680,10700,신사동,588-16,11680-4357,썬-타워빌딩,,15.42,8,2015,24000,2022-08-30,,,직거래,,,
강남구,11680,10700,신사동,588-16,11680-4357,썬-타워빌딩,,15.42,8,2015,23600,2022-08-30,,,직거래,,,
강남구,11680,10700,신사동,588-16,11680-4357,썬-타워빌딩,,16.4,7,2015,24600,2022-08-30,,,직거래,,,
강남구,11680,10700,신사동,588-16,11680-4357,썬-타워빌딩,,16.4,7,2015,24600,2022-08-30,,,직거래,,,
강남구,11680,10700,신사동,588-16,11680-4357,썬-타워빌딩,,16.4,7,2015,24600,2022-08-30,,,직거래,,,
강남구,11680,10700,신사동,588-16,11680-4357,썬-타워빌딩,,23.72,7,2015,33500,2022-08-30,,,직거래,,,
강남구,11680,10700,신사동,588-16,11680-4357,썬-타워빌딩,,15.42,7,2015,23900,2022-08-30,,,직거래,,,
강남구,11680,10700,신사동,588-16,11680-4357,썬-타워빌딩,,15.42,7,2015,23900,2022-08-30,,,직거래,,,
강남구,11680,10700,신사동,588-16,11680-4357,썬-타워빌딩,,15.42,7,2015,23900,2022-08-30,,,직거래,,,
강남구,11680,10700,신사동,588-16,11680-4357,썬-타워빌딩,,15.42,7,2015,23400,2022-08-30,,,직거래,,,
강남구,11680,10700,신사동,588-16,11680-4357,썬-타워빌딩,,15.42,7,2015,23400,2022-08-30,,,직거래,,,
강남구,11680,10700,신사동,588-16,11680-4357,썬-타워빌딩,,16.4,6,2015,24600,2022-08-30,,,직거래,,,
강남구,11680,10700,신사동,588-16,11680-4357,썬-타워빌딩,,16.4,6,2015,24600,2022-08-30,,,직거래,,,
강남구,11680,10700,신사동,588-16,11680-4357,썬-타워빌딩,,16.4,6,2015,24600,2022-08-30,,,직거래,,,
강남구,11680,10700,신사동,588-16,11680-4357,썬-타워빌딩,,23.72,6,2015,33350,2022-08-30,,,직거래,,,
강남구,11680,10700,신사동,588-16,11680-4357,썬-타워빌딩,,15.42,6,2015,23900,2022-08-30,,,직거래,,,
강남구,11680,10700,신사동,588-16,11680-4357,썬-타워빌딩,,15.42,6,2015,23900,2022-08-30,,,직거래,,,
강남구,11680,10700,신사동,588-16,11680-4357,썬-타워빌딩,,15.42,6,2015,23900,2022-08-30,,,직거래,,,
강남구,11680,10700,신사동,588-16,11680-4357,썬-타워빌딩,,15.42,6,2015,23400,2022-08-30,,,직거래,,,
강남구,11680,10700,신사동,588-16,11680-4357,썬-타워빌딩,,15.42,6,2015,23400,2022-08-30,,,직거래,,,
강남구,11680,10700,신사동,588-16,11680-4357,썬-타워빌딩,,16.4,5,2015,24300,2022-08-30,,,직거래,,,
강남구,11680,10700,신사동,588-16,11680-4357,썬-타워빌딩,,16.4,5,2015,24300,2022-08-30,,,직거래,,,
강남구,11680,10700,신사동,588-16,11680-4357,썬-타워빌딩,,16.4,5,2015,24300,2022-08-30,,,직거래,,,
강남구,11680,10700,신사동,588-16,11680-4357,썬-타워빌딩,,23.72,5,2015,33000,2022-08-30,,,직거래,,,
강남구,11680,10700,신사동,588-16,11680-4357,썬-타워빌딩,,15.42,5,2015,24600,2022-08-30,,,직거래,,,
강남구,11680,10700,신사동,588-16,11680-4357,썬-타워빌딩,,15.42,5,2015,23600,2022-08-30,,,직거래,,,
강남구,11680,10700,신사동,588-16,11680-4357,썬-타워빌딩,,15.42,5,2015,23100,2022-08-30,,,직거래,,,
강남구,11680,10700,신사동,588-16,11680-4357,썬-타워빌딩,,15.42,5,2015,23600,2022-08-30,,,직거래,,,
강남구,11680,10700,신사동,588-16,11680-4357,썬-타워빌딩,,15.42,5,2015,23100,2022-08-30,,,직거래,,,
강남구,11680,11500,수서동,736,11680-319,신동아,,39.53,13,1992,100000,2022-08-16,,,중개거래,,,
강남구,11680,10100,역삼동,706-24,11680-666,진넥스빌2,,23.85,6,2003,22400,2022-08-30,,,중개거래,,,
강남구,11680,10700,신사동,588-16,11680-4357,썬-타워빌딩,,16.4,8,2015,24900,2022-08-30,O,22.12.28,직거래,,,
강남구,11680,10700,신사동,588-16,11680-4357,썬-타워빌딩,,16.4,8,2015,24900,2022-08-30,O,22.12.28,직거래,,,
강남구,11680,10700,신사동,588-16,11680-4357,썬-타워빌딩,,16.4,8,2015,24900,2022-08-30,O,22.12.28,직거래,,,
강남구,11680,10700,신사동,588-16,11680-4357,썬-타워빌딩,,15.42,8,2015,23600,2022-08-30,O,22.12.28,직거래,,,
강남구,11680,10700,신사동,588-16,11680-4357,썬-타워빌딩,,15.42,7,2015,23900,2022-08-30,O,22.12.28,직거래,,,
강남구,11680,10700,신사동,588-16,11680-4357,썬-타워빌딩,,15.42,5,2015,23600,2022-08-30,O,22.12.28,직거래,,,
강남구,11680,11800,도곡동,467-29,11680-470,타워팰리스3,,244.224,64,2004,610000,2022-08-29,,,중개거래,,,
강남구,11680,10500,삼성동,146,11680-404,포스코트,,154.24,12,2003,335000,2022-08-29,,,중개거래,,,
강남구,11680,10600,대치동,503,11680-372,개포우성1,,84.81,8,1983,290000,2022-08-30,,,중개거래,,,
강남구,11680,11800,도곡동,527,11680-3623,도곡렉슬,,84.9231,17,2006,280000,2022-08-28,,,중개거래,,,
강남구,11680,10100,역삼동,713-7,11680-3766,래미안펜타빌,,157.37,10,2007,360000,2022-08-29,,,중개거래,,,
강남구,11680,11800,도곡동,465,11680-337,우성4,,126.46,9,1985,330000,2022-08-28,,,중개거래,,,
강남구,11680,10400,청담동,122-35,11680-4284,청담신원아침도시마인,,27.0875,6,2013,36000,2022-08-19,,,중개거래,,,
강남구,11680,10500,삼성동,3-8,11680-405,우정에쉐르,,131.0534,5,2003,210000,2022-08-05,,,중개거래,,,
강남구,11680,11400,일원동,614,11680-311,현대4,,84.98,11,1987,200000,2022-08-22,,,중개거래,,,
강남구,11680,10600,대치동,888,11680-3752,대치아이파크,,59.96,11,2008,210000,2022-08-18,,,중개거래,,,
강남구,11680,11000,압구정동,443,11680-417,현대3차(61~64동),,82.5,7,1976,420000,2022-08-14,,,중개거래,,,
강남구,11680,10800,논현동,58-2,11680-551,마일스디오빌,,36.29,3,2004,37800,2022-08-27,,,중개거래,,,
강남구,11680,10600,대치동,891-6,11680-529,테헤란로대우아이빌(891-6),,29.02,12,2004,37500,2022-08-16,,,중개거래,,,
강남구,11680,11500,수서동,736,11680-319,신동아,,39.53,13,1992,109000,2022-08-16,O,22.11.08,중개거래,,,
강남구,11680,10400,청담동,34-13,11680-4364,청담스위트,,13.425,8,2015,24500,2022-08-22,,,중개거래,,,
강남구,11680,10300,개포동,12,11680-280,성원대치2단지아파트,,49.86,1,1992,133000,2022-08-10,,,중개거래,,,
강남구,11680,10300,개포동,12,11680-280,성원대치2단지아파트,,49.86,14,1992,136000,2022-08-31,,,중개거래,,,
강남구,11680,11800,도곡동,952,11680-560,대우디오빌,,25.89,12,2004,26000,2022-08-20,,,중개거래,,,
강남구,11680,10600,대치동,992,11680-225,현대1,,84.27,13,1990,205000,2022-08-16,,,중개거래,,,
강남구,11680,11800,도곡동,467-6,11680-323,대림아크로빌,,130.545,8,1999,216597,2022-08-08,O,22.11.22,직거래,,,
강남구,11680,11800,도곡동,952,11680-560,대우디오빌,,25.89,10,2004,25650,2022-08-15,,,중개거래,,,
강남구,11680,11400,일원동,716,11680-301,목련타운,,99.79,8,1993,245000,2022-08-31,,,중개거래,,,
강남구,11680,10500,삼성동,16-2,11680-3834,삼성동힐스테이트 1단지,,84.236,22,2008,280000,2022-08-30,,,중개거래,,,
강남구,11680,11400,일원동,743,11680-4988,디에이치자이개포,,84.72,23,2021,150000,2022-08-25,,,직거래,,,
강남구,11680,10400,청담동,134,11680-4291,래미안청담로이뷰,,110.2,5,1992,282000,2022-08-08,,,중개거래,,,
강남구,11680,10800,논현동,58-2,11680-551,마일스디오빌,,36.29,3,2004,38500,2022-08-27,,,중개거래,,,
강남구,11680,10600,대치동,316,11680-218,은마,,84.43,5,1979,257000,2022-08-10,,,중개거래,,,
강남구,11680,10800,논현동,58-2,11680-551,마일스디오빌,,36.29,11,2004,38500,2022-08-06,,,중개거래,,,
강남구,11680,11400,일원동,734,11680-303,상록수,,74.54,5,1993,189000,2022-08-12,,,중개거래,,,
강남구,11680,10100,역삼동,720-25,11680-275,대우디오빌,,30.03,14,2002,33000,2022-08-11,,,중개거래,,,
강남구,11680,10800,논현동,221-7,11680-4202,한양수자인어반게이트,,16.2,6,2013,20500,2022-08-04,,,중개거래,,,
강남구,11680,10100,역삼동,716-3,11680-4084,개나리SK뷰,,84.99,13,2012,270000,2022-08-01,,,중개거래,,,
강남구,11680,11200,자곡동,619,11680-4375,강남자곡 힐스테이트,,59.93,7,2015,113000,2022-08-26,,,중개거래,,,
강남구,11680,11800,도곡동,953-1,11680-3647,SK허브프리모,,33.8,6,2006,38000,2022-08-05,,,중개거래,,,
강남구,11680,10100,역삼동,735-15,11680-4317,이스턴오피스텔,,15.25,10,2014,17700,2022-08-19,,,중개거래,,,
강남구,11680,10400,청담동,43,11680-73,청담우방아파트,,59.97,9,1999,160000,2022-08-05,,,중개거래,,,
강남구,11680,10300,개포동,12,11680-279,삼익대청아파트,,39.53,12,1992,119000,2022-08-08,,,중개거래,,,
강남구,11680,11800,도곡동,527,11680-3623,도곡렉슬,,134.9023,21,2006,423000,2022-08-02,,,중개거래,,,
강남구,11680,11800,도곡동,527,11680-3623,도곡렉슬,,84.9984,15,2006,315000,2022-08-16,,,중개거래,,,
강남구,11680,11800,도곡동,952,11680-560,대우디오빌,,31.81,8,2004,29900,2022-08-10,,,중개거래,,,
강남구,11680,10100,역삼동,713-11,11680-3679,역삼I'PARK,,28.246,8,2006,84000,2022-08-11,,,중개거래,,,
강남구,11680,10500,삼성동,142-3,11680-522,LG선릉에클라트(B),,36.35,13,2004,35000,2022-08-05,,,중개거래,,,
강남구,11680,10100,역삼동,735-15,11680-4317,이스턴오피스텔,,15.25,11,2014,18400,2022-08-19,,,중개거래,,,
강남구,11680,10800,논현동,58-2,11680-551,마일스디오빌,,36.29,15,2004,38500,2022-08-12,,,중개거래,,,
강남구,11680,10500,삼성동,82-1,11680-3936,삼성동헤렌하우스2(82-1),,233.68,6,2010,445000,2022-08-18,,,중개거래,,,
강남구,11680,10800,논현동,58-2,11680-551,마일스디오빌,,36.29,15,2004,38500,2022-08-12,O,22.08.18,중개거래,,,
강남구,11680,11800,도곡동,467-7,11680-566,아카데미스위트1,,164.87,10,2004,275000,2022-08-13,,,중개거래,,,
강남구,11680,10500,삼성동,53-2,11680-187,진흥아파트,,207.82,11,1984,450000,2022-08-15,,,중개거래,,,
강남구,11680,11200,자곡동,619,11680-4375,강남자곡 힐스테이트,,84.39,13,2015,112000,2022-08-11,,,직거래,,,
강남구,11680,10600,대치동,891-6,11680-529,테헤란로대우아이빌(891-6),,35.51,15,2004,42500,2022-08-02,,,중개거래,,,
강남구,11680,10800,논현동,58-2,11680-551,마일스디오빌,,36.29,14,2004,38000,2022-08-08,,,중개거래,,,
강남구,11680,10700,신사동,510-11,11680-1,강남상가,,143.01,5,1974,129500,2022-08-10,,,중개거래,,,
강남구,11680,11200,자곡동,619,11680-4375,강남자곡 힐스테이트,,59.93,7,2015,110000,2022-08-05,,,직거래,,,
송파구,11710,10100,잠실동,35,11710-6028,트리지움,,59.88,22,2007,170000,2022-08-19,,,중개거래,,,
송파구,11710,10700,가락동,166-6,11710-9304,테라펠리체송파,,44.0351,16,2021,87300,2022-08-31,,,직거래,,,
송파구,11710,10800,문정동,18,11710-80,문정대우푸르지오1차,,84.86,1,1999,110000,2022-08-31,,,중개거래,,,
송파구,11710,10800,문정동,618,11710-8245,파크하비오,,84.9648,17,2016,145000,2022-08-29,,,중개거래,,,
송파구,11710,10100,잠실동,19,11710-6346,잠실엘스,,84.8,12,2008,231000,2022-08-25,,,중개거래,,,
송파구,11710,10900,장지동,879,11710-7430,송파더센트레,,59.96,21,2013,117000,2022-08-27,,,중개거래,,,
송파구,11710,10900,장지동,883,11710-8158,힐스테이트송파위례,,101.95,24,2016,172500,2022-08-29,,,중개거래,,,
송파구,11710,10100,잠실동,44,11710-5957,레이크팰리스,,116.19,24,2006,263000,2022-08-29,,,중개거래,,,
송파구,11710,11300,거여동,696,11710-9109,e편한세상송파파크센트럴,,84.95,10,2021,147500,2022-08-27,,,중개거래,,,
송파구,11710,10100,잠실동,19,11710-6346,잠실엘스,,84.8,7,2008,195000,2022-08-27,,,중개거래,,,
송파구,11710,10500,석촌동,24-3,11710-7855,석촌호수효성해링턴타워,,15.8307,18,2015,29000,2022-08-22,,,중개거래,,,
송파구,11710,11200,오금동,619,11710-8630,송파호반베르디움더퍼스트,,101.4632,18,2018,185000,2022-08-20,,,중개거래,,,
송파구,11710,11300,거여동,696,11710-9109,e편한세상송파파크센트럴,,84.96,9,2021,130000,2022-08-19,,,중개거래,,,
송파구,11710,10900,장지동,883,11710-8158,힐스테이트송파위례,,101.95,12,2016,168000,2022-08-12,,,중개거래,,,
송파구,11710,10900,장지동,883,11710-8158,힐스테이트송파위례,,101.95,12,2016,168000,2022-08-12,O,22.09.13,중개거래,,,
송파구,11710,10100,잠실동,19,11710-6346,잠실엘스,,84.8,14,2008,222000,2022-08-19,,,중개거래,,,
송파구,11710,10200,신천동,17,11710-6266,파크리오,,84.79,33,2008,214000,2022-08-17,,,중개거래,,,
송파구,11710,11100,방이동,89,11710-5715,올림픽선수기자촌2단지,,100.31,3,1988,284000,2022-08-16,,,중개거래,,,
송파구,11710,10700,가락동,913,11710-8865,헬리오시티,,84.99,23,2018,220000,2022-08-26,,,중개거래,,,
송파구,11710,10800,문정동,145,11710-83,문정시영,,35.46,7,1989,70000,2022-08-20,,,중개거래,,,
송파구,11710,10100,잠실동,19,11710-6346,잠실엘스,,84.8,4,2008,205000,2022-08-31,,,중개거래,,,
송파구,11710,10800,문정동,150,11710-89,올림픽훼밀리타운,,117.585,12,1988,205000,2022-08-10,,,중개거래,,,
송파구,11710,10100,잠실동,35,11710-6028,트리지움,,84.95,18,2007,208000,2022-08-25,,,중개거래,,,
송파구,11710,11300,거여동,696,11710-9109,e편한세상송파파크센트럴,,59.96,15,2021,117000,2022-08-13,,,중개거래,,,
송파구,11710,10100,잠실동,19,11710-6346,잠실엘스,,59.96,6,2008,175000,2022-08-13,,,중개거래,,,
송파구,11710,11400,마천동,319,11710-5807,금호어울림,,84.96,4,2006,88000,2022-08-20,,,중개거래,,,
송파구,11710,10700,가락동,913,11710-8865,헬리오시티,,49.32,3,2018,142000,2022-08-11,,,중개거래,,,
송파구,11710,10800,문정동,150,11710-89,올림픽훼밀리타운,,136.325,12,1988,220000,2022-08-17,,,중개거래,,,
송파구,11710,10100,잠실동,305,11710-9188,앙시레이크타워,,32.7381,9,2020,51000,2022-08-05,,,직거래,,,
송파구,11710,10700,가락동,98,11710-300,두산위브,,26.12,12,2004,17800,2022-08-20,,,중개거래,,,
송파구,11710,10200,신천동,7,11710-170,장미1,,99,13,1979,250000,2022-08-22,,,중개거래,,,
송파구,11710,10400,송파동,7-1,11710-6164,아르누보팰리스,,136.54,10,2007,200000,2022-08-19,,,중개거래,,,
송파구,11710,10800,문정동,150,11710-89,올림픽훼밀리타운,,84.705,14,1988,167000,2022-08-23,,,중개거래,,,
송파구,11710,10800,문정동,67-14,11710-295,동부화이트빌(2동),,76.97,1,2002,53000,2022-08-03,,,중개거래,,,
송파구,11710,10700,가락동,98,11710-300,두산위브,,27.85,11,2004,17800,2022-08-08,,,중개거래,,,
송파구,11710,10700,가락동,913,11710-8865,헬리오시티,,84.97,10,2018,209000,2022-08-06,,,중개거래,,,
송파구,11710,11100,방이동,89,11710-5715,올림픽선수기자촌2단지,,131.76,3,1988,278000,2022-08-05,,,중개거래,,,
송파구,11710,10800,문정동,618,11710-8245,파크하비오,,116.1338,7,2016,205000,2022-08-06,,,중개거래,,,
송파구,11710,10100,잠실동,183-12,11710-9227,NS파인트리,,19.7,15,2021,29800,2022-08-05,,,직거래,,,
강동구,11740,10700,암사동,414-2,11740-2802,롯데캐슬퍼스트,,59.99,5,2008,108500,2022-08-30,,,중개거래,,,
강동구,11740,10300,상일동,519,11740-4692,고덕아르테온,,59.98,16,2020,110000,2022-08-23,,,중개거래,,,
강동구,11740,10200,고덕동,693,11740-4628,고덕그라시움,,97.801,11,2019,204000,2022-08-31,,,중개거래,,,
강동구,11740,10300,상일동,519,11740-4692,고덕아르테온,,59.98,11,2020,115000,2022-08-26,,,중개거래,,,
강동구,11740,10300,상일동,514,11740-4672,고덕롯데캐슬베네루체,,59.981,9,2019,102800,2022-08-31,,,중개거래,,,
강동구,11740,10900,천호동,447-17,11740-3722,강동역신동아파밀리에,,101.25,29,2015,123000,2022-08-31,,,중개거래,,,
강동구,11740,10900,천호동,414,11740-343,두산위브센티움,,31.37,8,2004,16000,2022-08-29,,,중개거래,,,
강동구,11740,10300,상일동,519,11740-4692,고덕아르테온,,59.98,8,2020,115000,2022-08-24,,,중개거래,,,
강동구,11740,10500,길동,394-17,11740-3895,율전에버그린아파트,,43.1,6,2016,39500,2022-08-31,,,중개거래,,,
강동구,11740,10700,암사동,509,11740-91,선사현대아파트,,58.68,19,2000,91000,2022-08-13,O,22.10.12,중개거래,,,
강동구,11740,10500,길동,344-5,11740-41,대상,,84.98,16,1999,67500,2022-08-18,O,22.10.24,중개거래,,,
강동구,11740,10600,둔촌동,89,11740-78,현대4,,83.88,4,1996,96000,2022-08-15,,,중개거래,,,
강동구,11740,10500,길동,387-5,11740-3273,청광플러스원(큐브1차),,16.685,11,2012,11250,2022-08-27,,,중개거래,,,
강동구,11740,10300,상일동,519,11740-4692,고덕아르테온,,59.83,9,2020,115000,2022-08-29,,,중개거래,,,
강동구,11740,10200,고덕동,688,11740-4214,래미안힐스테이트고덕,,84.88,15,2016,149600,2022-08-29,,,중개거래,,,
강동구,11740,10900,천호동,414,11740-343,두산위브센티움,,31.37,4,2004,16800,2022-08-13,,,중개거래,,,
강동구,11740,10200,고덕동,693,11740-4628,고덕그라시움,,59.785,16,2019,128000,2022-08-27,,,중개거래,,,
강동구,11740,10900,천호동,414,11740-343,두산위브센티움,,33.81,7,2004,18000,2022-08-29,,,중개거래,,,
강동구,11740,10900,천호동,164-70,11740-3322,하이브2,,15.3,16,2013,16900,2022-08-17,,,중개거래,,,
강동구,11740,10300,상일동,513,11740-4675,고덕센트럴IPARK,,59.97,5,2019,115000,2022-08-27,,,중개거래,,,
강동구,11740,10100,명일동,56,11740-15,현대(고덕),,131.83,10,1986,145000,2022-08-24,,,중개거래,,,
강동구,11740,10500,길동,349-1,11740-3158,다성이즈빌(349-1),,17.2,5,2012,13700,2022-08-23,,,중개거래,,,
강동구,11740,10200,고덕동,693,11740-4628,고덕그라시움,,84.244,5,2019,163000,2022-08-06,,,중개거래,,,
강동구,11740,10500,길동,457,11740-3392,청광플러스원큐브2차,,14.495,8,2013,12800,2022-08-26,,,직거래,,,
강동구,11740,10800,성내동,605,11740-2918,파라디아,,84.92,6,2010,97000,2022-08-19,,,중개거래,,,
강동구,11740,10800,성내동,194,11740-347,에스케이허브진,,33.71,11,2004,28000,2022-08-05,O,22.08.26,중개거래,,,
강동구,11740,10700,암사동,508,11740-90,삼성광나루,,84.79,6,2002,98000,2022-08-20,,,직거래,,,
강동구,11740,10600,둔촌동,426,11740-2525,세양청마루,,102.45,12,2005,80000,2022-08-23,,,중개거래,,,
강동구,11740,10500,길동,343-2,11740-3163,현대웰하임(201동),,14.468,4,2012,8900,2022-08-11,,,중개거래,,,
강동구,11740,10300,상일동,519,11740-4692,고덕아르테온,,84.93,19,2020,148000,2022-08-06,,,중개거래,,,
강동구,11740,10200,고덕동,470,11740-22,대우,,96,8,1986,90000,2022-08-17,,,직거래,,,
강동구,11740,10300,상일동,490,11740-3008,고덕리엔파크3단지,,114.97,13,2011,130000,2022-08-17,,,직거래,,,
강동구,11740,10500,길동,365-1,11740-45,라인,,59.94,10,1998,59700,2022-08-09,,,중개거래,,,
강동구,11740,10900,천호동,414,11740-343,두산위브센티움,,31.37,5,2004,16100,2022-08-11,,,중개거래,,,
강동구,11740,10600,둔촌동,134-10,11740-73,신성둔촌미소지움2,,84.78,7,2000,115000,2022-08-05,,,중개거래,,,
강동구,11740,10900,천호동,414,11740-343,두산위브센티움,,31.37,5,2004,16400,2022-08-01,,,중개거래,,,
