노선,역,단계,개통예정,출처,위도,경도
GTX-A,삼성,착공,2028,https://www.dnews.co.kr/uhtml/view.jsp?idxno=202406271430390820769,37.50885,127.06315
GTX-B,신도림,착공,2031,https://v.daum.net/v/20260405160210121,37.50899,126.89135
GTX-B,여의도,착공,2031,https://v.daum.net/v/20260405160210121,37.52168,126.92415
GTX-B,용산,착공,2031,https://v.daum.net/v/20260405160210121,37.52956,126.96477
GTX-B,서울역,착공,2031,https://v.daum.net/v/20260405160210121,37.55518,126.97174
GTX-B,청량리,착공,2031,https://v.daum.net/v/20260405160210121,37.58058,127.04722
GTX-B,상봉,착공,2031,https://v.daum.net/v/20260405160210121,37.59662,127.08556
GTX-C,창동,착공,2031,https://www.khan.co.kr/en/article/202609141627047/,37.65313,127.04769
GTX-C,광운대,착공,2031,https://www.khan.co.kr/en/article/202609141627047/,37.62362,127.06201
GTX-C,청량리,착공,2031,https://www.khan.co.kr/en/article/202609141627047/,37.58058,127.04722
GTX-C,왕십리,착공,2031,https://www.khan.co.kr/en/article/202609141627047/,37.56143,127.03782
GTX-C,삼성,착공,2031,https://www.khan.co.kr/en/article/202609141627047/,37.50885,127.06315
GTX-C,양재,착공,2031,https://www.khan.co.kr/en/article/202609141627047/,37.48417,127.03449
위례신사선,신사,확정,미정,https://news.seoul.go.kr/traffic/archives/516245,37.51595,127.01963
위례신사선,청담,확정,미정,https://news.seoul.go.kr/traffic/archives/516245,37.519,127.05117
위례신사선,가락시장,확정,미정,https://news.seoul.go.kr/traffic/archives/516245,37.49273,127.11793
면목선,신내,확정,2033,https://magazine.hankyung.com/money/article/202603163251c,37.61252,127.10395
면목선,면목,확정,2033,https://magazine.hankyung.com/money/article/202603163251c,37.58838,127.08757
서부선,새절,계획,미정,https://en.wikipedia.org/wiki/Seobu_Line,37.59167,126.91374
서부선,신촌,계획,미정,https://en.wikipedia.org/wiki/Seobu_Line,37.55747,126.93946
서부선,노량진,계획,미정,https://en.wikipedia.org/wiki/Seobu_Line,37.51389,126.94162
서부선,장승배기,계획,미정,https://en.wikipedia.org/wiki/Seobu_Line,37.50498,126.93921
