주택관리번호,주택형,거주지역,최저가점,평균가점,최고가점
2026000355,036.9533,해당지역,59,60.75,63
2026000355,036.9533,기타지역,0,0,0
2026000355,059.9667A,해당지역,61,64.5,69
2026000355,059.9667A,기타지역,0,0,0
2026000355,059.9424B,해당지역,64,66.43,69
2026000355,059.9424B,기타지역,0,0,0
2026000355,084.9807A,해당지역,69,69,69
2026000355,084.9807A,기타지역,0,0,0
2026000153,046.9245,해당지역,64,65.25,69
2026000153,046.9245,기타지역,0,0,0
2026000153,051.9425,해당지역,59,59,59
2026000153,051.9425,기타지역,0,0,0
2026000153,053.9145,해당지역,68,68,68
2026000153,053.9145,기타지역,0,0,0
2026000153,056.2527A,해당지역,72,72,72
2026000153,056.2527A,기타지역,0,0,0
2026000153,056.7074B,해당지역,63,63.5,64
2026000153,056.7074B,기타지역,0,0,0
2026000153,058.6784A,해당지역,69,69.5,70
2026000153,058.6784A,기타지역,0,0,0
2026000153,058.5476B,해당지역,64,64.5,65
2026000153,058.5476B,기타지역,0,0,0
2026000153,058.8959C,해당지역,63,63.5,64
2026000153,058.8959C,기타지역,0,0,0
2026000153,059.7098,해당지역,69,71.5,74
2026000153,059.7098,기타지역,0,0,0
2026000153,062.6550,해당지역,66,67.5,69
2026000153,062.6550,기타지역,0,0,0
2026000275,039.7700A,해당지역,48,53.43,62
2026000275,039.7700A,기타지역,0,0,0
2026000275,039.6200B,해당지역,55,58.43,64
2026000275,039.6200B,기타지역,0,0,0
2026000275,046.8700,해당지역,64,67.33,69
2026000275,046.8700,기타지역,0,0,0
2026000275,051.6500A,해당지역,61,61,61
2026000275,051.6500A,기타지역,0,0,0
2026000275,051.9100C,해당지역,64,64,64
2026000275,051.9100C,기타지역,0,0,0
2026000275,059.9200A,해당지역,62,63.57,69
2026000275,059.9200A,기타지역,0,0,0
2026000275,059.9600B,해당지역,57,61.39,69
2026000275,059.9600B,기타지역,0,0,0
2026000275,059.8800C,해당지역,62,65.91,69
2026000275,059.8800C,기타지역,0,0,0
2026000275,059.9500D,해당지역,58,60.79,67
2026000275,059.9500D,기타지역,0,0,0
2026000275,059.8800E,해당지역,58,61.5,69
2026000275,059.8800E,기타지역,0,0,0
2026000275,074.8700A,해당지역,56,61.19,69
2026000275,074.8700A,기타지역,0,0,0
2026000275,074.7500B,해당지역,52,60.22,69
2026000275,074.7500B,기타지역,0,0,0
2026000275,084.8600A,해당지역,50,56.23,69
2026000275,084.8600A,기타지역,0,0,0
2026000275,084.8700B,해당지역,48,55.04,79
2026000275,084.8700B,기타지역,0,0,0
2026000275,084.9000C,해당지역,54,58.57,66
2026000275,084.9000C,기타지역,0,0,0
2026000275,084.7500D,해당지역,52,59.24,71
2026000275,084.7500D,기타지역,0,0,0
2026000275,101.7400,해당지역,-,-,-
2026000275,101.7400,기타지역,-,-,-
2026000275,114.2100,해당지역,62,62.5,63
2026000275,114.2100,기타지역,0,0,0
2026000241,059.8902A,해당지역,63,63.75,64
2026000241,059.8902A,기타지역,0,0,0
2026000241,059.9055B,해당지역,60,61.25,63
2026000241,059.9055B,기타지역,0,0,0
2026000241,074.9117A,해당지역,54,59.88,65
2026000241,074.9117A,기타지역,0,0,0
2026000241,084.8554A,해당지역,55,57.5,63
2026000241,084.8554A,기타지역,0,0,0
2026000241,084.0000B,해당지역,46,53.88,68
2026000241,084.0000B,기타지역,0,0,0
2026000241,084.0000C,해당지역,50,55,64
2026000241,084.0000C,기타지역,0,0,0
2026000241,109.8652A,해당지역,29,47.5,68
2026000241,109.8652A,기타지역,0,0,0
2026000235,059.6389B,해당지역,74,74,74
2026000235,059.6389B,기타지역,0,0,0
2026000235,084.8654B,해당지역,70,71.67,74
2026000235,084.8654B,기타지역,0,0,0
2026000235,112.9104,해당지역,69,69.5,70
2026000235,112.9104,기타지역,0,0,0
2026000120,039.3700A,해당지역,64,64.5,65
2026000120,039.3700A,기타지역,0,0,0
2026000120,039.9000C,해당지역,65,65,65
2026000120,039.9000C,기타지역,0,0,0
2026000120,049.8300A,해당지역,64,66.5,69
2026000120,049.8300A,기타지역,0,0,0
2026000120,049.7000B,해당지역,67,68,69
2026000120,049.7000B,기타지역,0,0,0
2026000120,059.8700A,해당지역,65,68.24,70
2026000120,059.8700A,기타지역,0,0,0
2026000120,059.8800B,해당지역,64,64.33,65
2026000120,059.8800B,기타지역,0,0,0
2026000120,059.9200C,해당지역,62,64,69
2026000120,059.9200C,기타지역,0,0,0
2026000120,059.8800D,해당지역,64,68.05,74
2026000120,059.8800D,기타지역,0,0,0
2026000120,059.9700E,해당지역,64,64,64
2026000120,059.9700E,기타지역,0,0,0
2026000120,059.9700F,해당지역,65,68,69
2026000120,059.9700F,기타지역,0,0,0
2026000120,084.9000A,해당지역,67,69,71
2026000120,084.9000A,기타지역,0,0,0
2026000120,084.7800C,해당지역,69,69,69
2026000120,084.7800C,기타지역,0,0,0
2026000116,036.9596,해당지역,54,57,61
2026000116,036.9596,기타지역,0,0,0
2026000116,044.7166,해당지역,64,66.5,69
2026000116,044.7166,기타지역,0,0,0
2026000116,051.8088A,해당지역,65,66,67
2026000116,051.8088A,기타지역,0,0,0
2026000116,051.7802B,해당지역,62,65.5,69
2026000116,051.7802B,기타지역,0,0,0
2026000116,051.7611C,해당지역,67,68.25,69
2026000116,051.7611C,기타지역,0,0,0
2026000116,059.9912A,해당지역,64,66,69
2026000116,059.9912A,기타지역,0,0,0
2026000116,059.9866B,해당지역,64,64,64
2026000116,059.9866B,기타지역,0,0,0
2026000116,084.9549A,해당지역,56,60.78,64
2026000116,084.9549A,기타지역,0,0,0
2026000116,084.9645B,해당지역,54,62.95,69
2026000116,084.9645B,기타지역,0,0,0
2026000116,084.9145C,해당지역,53,59.17,69
2026000116,084.9145C,기타지역,0,0,0
2026000116,084.9898T,해당지역,59,62.33,69
2026000116,084.9898T,기타지역,0,0,0
2026000116,140.8560P,해당지역,-,-,-
2026000116,140.8560P,기타지역,-,-,-
2026000156,049.7500A,해당지역,32,44.41,56
2026000156,049.7500A,기타지역,0,0,0
2026000156,059.8400A,해당지역,54,59,64
2026000156,059.8400A,기타지역,0,0,0
2026000114,048.6543,해당지역,63,65.25,69
2026000114,048.6543,기타지역,0,0,0
2026000114,052.7960A,해당지역,69,69,69
2026000114,052.7960A,기타지역,0,0,0
2026000114,052.7960B,해당지역,73,73,73
2026000114,052.7960B,기타지역,0,0,0
2026000114,052.7960C,해당지역,62,62,62
2026000114,052.7960C,기타지역,0,0,0
2026000114,059.9880A,해당지역,69,69,69
2026000114,059.9880A,기타지역,0,0,0
2026000114,059.2820B,해당지역,65,67.42,69
2026000114,059.2820B,기타지역,0,0,0
2026000094,059.9116A,해당지역,64,66.04,69
2026000094,059.9116A,기타지역,0,0,0
2026000094,059.8054B,해당지역,64,66.5,69
2026000094,059.8054B,기타지역,0,0,0
2026000094,059.9537C,해당지역,67,69.29,74
2026000094,059.9537C,기타지역,0,0,0
2026000094,084.9634A,해당지역,62,65.05,69
2026000094,084.9634A,기타지역,0,0,0
2026000094,084.9995B,해당지역,62,65.18,69
2026000094,084.9995B,기타지역,0,0,0
2026000094,084.9712C,해당지역,63,65.57,69
2026000094,084.9712C,기타지역,0,0,0
2026000094,106.9502A,해당지역,56,60.47,66
2026000094,106.9502A,기타지역,0,0,0
2026000058,044.0000,해당지역,74,76.5,79
2026000058,044.0000,기타지역,0,0,0
2026000058,044.8507B,해당지역,71,71,71
2026000058,044.8507B,기타지역,0,0,0
2026000058,045.0000,해당지역,71,71,71
2026000058,045.0000,기타지역,0,0,0
2026000058,045.9415B,해당지역,73,73.5,74
2026000058,045.9415B,기타지역,0,0,0
2026000058,059.5839A,해당지역,69,70.5,72
2026000058,059.5839A,기타지역,0,0,0
2026000058,059.3427B,해당지역,71,72.5,74
2026000058,059.3427B,기타지역,0,0,0
2026000058,084.9499A,해당지역,70,70.67,71
2026000058,084.9499A,기타지역,0,0,0
2026000058,097.5311,해당지역,74,74,74
2026000058,097.5311,기타지역,0,0,0
2026000058,097.6619,해당지역,69,69.5,70
2026000058,097.6619,기타지역,0,0,0
2026000058,113.9162A,해당지역,71,71,71
2026000058,113.9162A,기타지역,0,0,0
2026000058,113.4788B,해당지역,69,72.33,74
2026000058,113.4788B,기타지역,0,0,0
2026000058,115.9969A,해당지역,74,74,74
2026000058,115.9969A,기타지역,0,0,0
2026000048,100.9300,해당지역,69,69.31,71
2026000048,100.9300,기타지역,0,0,0
2026000048,106.1000,해당지역,69,69.31,72
2026000048,106.1000,기타지역,0,0,0
2026000048,117.0700,해당지역,69,69,69
2026000048,117.0700,기타지역,0,0,0
2026000048,118.0300,해당지역,69,69.44,71
2026000048,118.0300,기타지역,0,0,0
2026000048,122.8800,해당지역,69,69.85,74
2026000048,122.8800,기타지역,0,0,0
2026000064,051.9981A,해당지역,69,70.25,74
2026000064,051.9981A,기타지역,0,0,0
2026000064,051.9931B,해당지역,69,69,69
2026000064,051.9931B,기타지역,0,0,0
2026000064,051.9927C,해당지역,59,62.57,64
2026000064,051.9927C,기타지역,0,0,0
2026000064,051.9909D,해당지역,64,64.75,69
2026000064,051.9909D,기타지역,0,0,0
2026000064,051.9953E,해당지역,54,60.5,69
2026000064,051.9953E,기타지역,0,0,0
2026000064,059.9973A,해당지역,69,69.71,74
2026000064,059.9973A,기타지역,0,0,0
2026000064,059.9945B,해당지역,64,67.5,69
2026000064,059.9945B,기타지역,0,0,0
2026000064,059.9903C,해당지역,67,68.67,69
2026000064,059.9903C,기타지역,0,0,0
2026000064,059.9987D,해당지역,64,65.83,69
2026000064,059.9987D,기타지역,0,0,0
2026000064,074.9939A,해당지역,64,67,69
2026000064,074.9939A,기타지역,0,0,0
2026000064,074.9944B,해당지역,63,66.67,69
2026000064,074.9944B,기타지역,0,0,0
2026000064,074.9920C,해당지역,64,66.75,69
2026000064,074.9920C,기타지역,0,0,0
2026000064,074.9992D,해당지역,59,59,59
2026000064,074.9992D,기타지역,0,0,0
2026000064,074.9992E,해당지역,63,63,63
2026000064,074.9992E,기타지역,0,0,0
2026000064,084.9993A,해당지역,66,68,69
2026000064,084.9993A,기타지역,0,0,0
2026000064,084.9977B,해당지역,79,79,79
2026000064,084.9977B,기타지역,0,0,0
2025000497,059.3700,해당지역,69,69,69
2025000497,059.3700,기타지역,0,0,0
2025000497,059.3700A,해당지역,74,74.45,79
2025000497,059.3700A,기타지역,0,0,0
2025000497,059.2100C,해당지역,84,84,84
2025000497,059.2100C,기타지역,0,0,0
2026000023,044.9800,해당지역,64,65,68
2026000023,044.9800,기타지역,0,0,0
2026000023,059.9700A,해당지역,69,69,69
2026000023,059.9700A,기타지역,0,0,0
2026000023,059.9900B,해당지역,69,69,69
2026000023,059.9900B,기타지역,0,0,0
2026000023,059.9900C,해당지역,69,69,69
2026000023,059.9900C,기타지역,0,0,0
2026000023,074.9900A,해당지역,64,65.27,69
2026000023,074.9900A,기타지역,0,0,0
2026000023,074.9900B,해당지역,64,65,69
2026000023,074.9900B,기타지역,0,0,0
2026000023,084.9900A,해당지역,64,67.36,70
2026000023,084.9900A,기타지역,0,0,0
2026000023,084.9800B,해당지역,62,64.67,69
2026000023,084.9800B,기타지역,0,0,0
2026000039,044.8400,해당지역,65,67.67,69
2026000039,044.8400,기타지역,0,0,0
2026000039,059.5300B,해당지역,69,69,69
2026000039,059.5300B,기타지역,0,0,0
2026000039,076.2100A,해당지역,60,63.67,71
2026000039,076.2100A,기타지역,0,0,0
2026000039,084.5300A,해당지역,61,64.79,72
2026000039,084.5300A,기타지역,0,0,0
2026000039,084.3200B,해당지역,50,56.38,64
2026000039,084.3200B,기타지역,0,0,0
2026000039,084.1000C,해당지역,56,58.8,62
2026000039,084.1000C,기타지역,0,0,0
2026000039,084.3300D,해당지역,56,63.4,69
2026000039,084.3300D,기타지역,0,0,0
2026000039,115.2200,해당지역,42,51.2,64
2026000039,115.2200,기타지역,0,0,0
2026000028,059.7419B,해당지역,54,58,63
2026000028,059.7419B,기타지역,0,0,0
2026000028,059.6793C,해당지역,51,54,58
2026000028,059.6793C,기타지역,0,0,0
2026000028,059.6793D,해당지역,56,61.67,67
2026000028,059.6793D,기타지역,0,0,0
2025000660,059.8557A,해당지역,69,69.11,71
2025000660,059.8557A,기타지역,0,0,0
2025000660,059.9967B,해당지역,64,65.86,69
2025000660,059.9967B,기타지역,0,0,0
2025000660,074.8333A,해당지역,69,69,69
2025000660,074.8333A,기타지역,0,0,0
2025000660,074.8428B,해당지역,61,63.5,69
2025000660,074.8428B,기타지역,0,0,0
2025000660,074.6908C,해당지역,65,65,65
2025000660,074.6908C,기타지역,0,0,0
2025000660,075.5884A,해당지역,65,67.5,69
2025000660,075.5884A,기타지역,0,0,0
2025000660,075.5884B,해당지역,65,67,69
2025000660,075.5884B,기타지역,0,0,0
2025000660,075.4474C,해당지역,64,64,64
2025000660,075.4474C,기타지역,0,0,0
2025000660,084.9774A,해당지역,67,68.57,69
2025000660,084.9774A,기타지역,0,0,0
2025000660,084.9767B,해당지역,67,69,70
2025000660,084.9767B,기타지역,0,0,0
2025000660,084.9767C,해당지역,64,67.6,69
2025000660,084.9767C,기타지역,0,0,0
2025000660,084.9736D,해당지역,64,66.33,73
2025000660,084.9736D,기타지역,0,0,0
2025000660,084.9729E,해당지역,65,67.6,69
2025000660,084.9729E,기타지역,0,0,0
2025000660,084.9729F,해당지역,65,67,69
2025000660,084.9729F,기타지역,0,0,0
2025000660,084.9139G,해당지역,64,64.5,65
2025000660,084.9139G,기타지역,0,0,0
2025000660,084.9139H,해당지역,63,63.5,64
2025000660,084.9139H,기타지역,0,0,0
2025000660,084.9139I,해당지역,64,66.5,69
2025000660,084.9139I,기타지역,0,0,0
2025000660,115.9277B,해당지역,74,74,74
2025000660,115.9277B,기타지역,0,0,0
2025000566,059.9800,해당지역,70,70,70
2025000566,059.9800,기타지역,0,0,0
2025000566,084.9700A,해당지역,69,70.07,74
2025000566,084.9700A,기타지역,0,0,0
2025000566,084.9600B,해당지역,69,71,79
2025000566,084.9600B,기타지역,0,0,0
2025000566,084.9800C,해당지역,69,69,69
2025000566,084.9800C,기타지역,0,0,0
2025000566,084.9600D,해당지역,73,73.5,74
2025000566,084.9600D,기타지역,0,0,0
2025000566,122.9900,해당지역,69,70.75,72
2025000566,122.9900,기타지역,0,0,0
2025000527,059.9400A,해당지역,73,74.02,79
2025000527,059.9400A,기타지역,0,0,0
2025000527,059.9800B,해당지역,72,74.04,79
2025000527,059.9800B,기타지역,0,0,0
2025000527,059.8500C,해당지역,71,72.17,74
2025000527,059.8500C,기타지역,0,0,0
2025000527,059.9100D,해당지역,70,71.79,74
2025000527,059.9100D,기타지역,0,0,0
2025000527,084.9100A,해당지역,75,78.4,82
2025000527,084.9100A,기타지역,0,0,0
2025000527,084.9600B,해당지역,74,75.8,79
2025000527,084.9600B,기타지역,0,0,0
2025000527,084.9600C,해당지역,77,78,79
2025000527,084.9600C,기타지역,0,0,0
2025000430,044.7578A,해당지역,69,71,74
2025000430,044.7578A,기타지역,0,0,0
2025000430,044.7578B,해당지역,66,67.5,69
2025000430,044.7578B,기타지역,0,0,0
2025000430,049.5998A,해당지역,69,69.1,70
2025000430,049.5998A,기타지역,0,0,0
2025000430,049.5998B,해당지역,69,69.5,71
2025000430,049.5998B,기타지역,0,0,0
2025000430,049.0506C,해당지역,70,70,70
2025000430,049.0506C,기타지역,0,0,0
2025000430,059.8988A,해당지역,74,74,74
2025000430,059.8988A,기타지역,0,0,0
2025000430,059.4198B,해당지역,74,74,74
2025000430,059.4198B,기타지역,0,0,0
2025000430,074.8268,해당지역,69,69,69
2025000430,074.8268,기타지역,0,0,0
2025000430,084.8178A,해당지역,69,72.5,74
2025000430,084.8178A,기타지역,0,0,0
2025000430,084.8280B,해당지역,69,70,71
2025000430,084.8280B,기타지역,0,0,0
2025000430,084.3466C,해당지역,72,72,72
2025000430,084.3466C,기타지역,0,0,0
2025000430,084.8937D,해당지역,69,70.5,72
2025000430,084.8937D,기타지역,0,0,0
2025000439,084.8422A,해당지역,59,63.22,69
2025000439,084.8422A,기타지역,0,0,0
2025000439,084.7662B,해당지역,57,60.3,63
2025000439,084.7662B,기타지역,0,0,0
2025000439,084.6747C,해당지역,55,60.5,69
2025000439,084.6747C,기타지역,0,0,0
2025000439,084.7184D,해당지역,54,59.9,66
2025000439,084.7184D,기타지역,0,0,0
2025000439,084.9194E,해당지역,54,61,69
2025000439,084.9194E,기타지역,0,0,0
2025000399,024.9100,해당지역,50,52,54
2025000399,024.9100,기타지역,0,0,0
2025000399,025.3700,해당지역,47,54.67,64
2025000399,025.3700,기타지역,0,0,0
2025000399,027.7600,해당지역,54,57.2,63
2025000399,027.7600,기타지역,0,0,0
2025000388,032.9810,해당지역,53,58,64
2025000388,032.9810,기타지역,0,0,0
2025000388,047.9922A,해당지역,54,56.67,61
2025000388,047.9922A,기타지역,0,0,0
2025000388,047.5390B,해당지역,48,50,52
2025000388,047.5390B,기타지역,0,0,0
2025000388,047.6237C,해당지역,54,58,63
2025000388,047.6237C,기타지역,0,0,0
2025000388,047.2694D,해당지역,52,53,54
2025000388,047.2694D,기타지역,0,0,0
2025000388,052.6150,해당지역,62,63,64
2025000388,052.6150,기타지역,0,0,0
2025000353,045.9670,해당지역,74,74.8,78
2025000353,045.9670,기타지역,0,0,0
2025000353,051.9095,해당지역,70,74.33,79
2025000353,051.9095,기타지역,0,0,0
2025000353,059.8151B,해당지역,74,74.33,79
2025000353,059.8151B,기타지역,0,0,0
2025000353,074.2804B,해당지역,74,74.67,79
2025000353,074.2804B,기타지역,0,0,0
2025000353,074.5591C,해당지역,74,75.42,84
2025000353,074.5591C,기타지역,0,0,0
2025000270,044.5200A,해당지역,54,57.75,63
2025000270,044.5200A,기타지역,0,0,0
2025000270,044.5200B,해당지역,58,59,60
2025000270,044.5200B,기타지역,0,0,0
2025000270,051.3200,해당지역,62,63.75,65
2025000270,051.3200,기타지역,0,0,0
2025000270,059.6700A,해당지역,65,67.8,69
2025000270,059.6700A,기타지역,0,0,0
2025000270,059.9200B,해당지역,66,69,72
2025000270,059.9200B,기타지역,0,0,0
2025000267,059.9900A,해당지역,69,71,74
2025000267,059.9900A,기타지역,0,0,0
2025000267,076.7400,해당지역,69,69,69
2025000267,076.7400,기타지역,0,0,0
2025000267,084.9800A,해당지역,69,69,69
2025000267,084.9800A,기타지역,0,0,0
2025000267,084.9800C,해당지역,69,69,69
2025000267,084.9800C,기타지역,0,0,0
2025000267,084.9900D,해당지역,69,69.33,70
2025000267,084.9900D,기타지역,0,0,0
2025000250,039.9600,해당지역,69,69,69
2025000250,039.9600,기타지역,0,0,0
2025000250,049.8800,해당지역,69,69,69
2025000250,049.8800,기타지역,0,0,0
2025000250,059.9600A,해당지역,74,74.17,75
2025000250,059.9600A,기타지역,0,0,0
2025000250,059.9500B,해당지역,69,70.83,74
2025000250,059.9500B,기타지역,0,0,0
2025000250,074.9900,해당지역,69,71,73
2025000250,074.9900,기타지역,0,0,0
2025000250,084.9900A,해당지역,76,76,76
2025000250,084.9900A,기타지역,0,0,0
2025000250,084.9400B,해당지역,70,70,70
2025000250,084.9400B,기타지역,0,0,0
2025000250,104.9500,해당지역,-,-,-
2025000250,104.9500,기타지역,-,-,-
2025000195,059.9982,해당지역,40,48.54,59
2025000195,059.9982,기타지역,0,0,0
2025000194,084.8857A,해당지역,71,73.23,77
2025000194,084.8857A,기타지역,69,70.43,79
2025000194,084.9595B,해당지역,69,69.44,73
2025000194,084.9595B,기타지역,69,69.06,70
2025000194,084.9353C,해당지역,69,70.29,74
2025000194,084.9353C,기타지역,69,69.94,74
2025000194,101.6696,해당지역,69,70.03,79
2025000194,101.6696,기타지역,69,69.25,74
2025000167,039.9900,해당지역,59,60.5,62
2025000167,039.9900,기타지역,0,0,0
2025000167,049.9700B,해당지역,69,69,69
2025000167,049.9700B,기타지역,0,0,0
2025000167,059.9900A,해당지역,69,69,69
2025000167,059.9900A,기타지역,0,0,0
2025000167,059.9900B,해당지역,73,73,73
2025000167,059.9900B,기타지역,0,0,0
2025000167,070.9800B,해당지역,69,69,69
2025000167,070.9800B,기타지역,0,0,0
2025000167,084.9700B,해당지역,69,71.5,74
2025000167,084.9700B,기타지역,0,0,0
2025000167,100.9700A,해당지역,-,-,-
2025000167,100.9700A,기타지역,-,-,-
2025000177,051.8100B,해당지역,44,51,64
2025000177,051.8100B,기타지역,0,0,0
2025000177,051.1000C,해당지역,39,43.5,55
2025000177,051.1000C,기타지역,0,0,0
2025000177,059.9100A,해당지역,53,59.47,69
2025000177,059.9100A,기타지역,0,0,0
2025000177,059.9700B,해당지역,51,54.3,60
2025000177,059.9700B,기타지역,0,0,0
2025000177,059.9400C,해당지역,56,60.5,66
2025000177,059.9400C,기타지역,0,0,0
2025000177,074.9000A,해당지역,56,62.2,69
2025000177,074.9000A,기타지역,0,0,0
2025000177,074.8000B,해당지역,40,48.75,62
2025000177,074.8000B,기타지역,0,0,0
2025000177,074.8900C,해당지역,59,59,59
2025000177,074.8900C,기타지역,0,0,0
2025000177,074.8400D,해당지역,65,65,65
2025000177,074.8400D,기타지역,0,0,0
2025000164,059.9816A,해당지역,68,68.8,69
2025000164,059.9816A,기타지역,0,0,0
2025000164,059.9969B,해당지역,51,57.4,69
2025000164,059.9969B,기타지역,0,0,0
2025000164,059.9509C,해당지역,49,54.47,69
2025000164,059.9509C,기타지역,0,0,0
2025000164,059.9689D,해당지역,59,64,69
2025000164,059.9689D,기타지역,0,0,0
2025000164,084.9349A,해당지역,63,68.33,79
2025000164,084.9349A,기타지역,0,0,0
2025000164,084.9471B,해당지역,55,62,82
2025000164,084.9471B,기타지역,0,0,0
2025000164,084.8751C,해당지역,49,49,49
2025000164,084.8751C,기타지역,0,0,0
2025000135,039.6950,해당지역,43,48.83,57
2025000135,039.6950,기타지역,0,0,0
2025000135,059.9860A,해당지역,64,67.67,74
2025000135,059.9860A,기타지역,0,0,0
2025000135,059.9850B,해당지역,54,54,54
2025000135,059.9850B,기타지역,0,0,0
2025000135,059.7990C,해당지역,56,57.5,59
2025000135,059.7990C,기타지역,0,0,0
2025000135,059.8420D,해당지역,59,61.5,64
2025000135,059.8420D,기타지역,0,0,0
2025000001,059.9800A,해당지역,69,70.29,74
2025000001,059.9800A,기타지역,0,0,0
2025000001,059.9500B,해당지역,69,71.17,77
2025000001,059.9500B,기타지역,0,0,0
2025000001,059.7800C,해당지역,69,69,69
2025000001,059.7800C,기타지역,0,0,0
2025000001,084.7300A,해당지역,69,69.83,72
2025000001,084.7300A,기타지역,0,0,0
2025000001,084.6800B,해당지역,69,69.28,74
2025000001,084.6800B,기타지역,0,0,0
2025000001,084.9200C,해당지역,69,69.33,70
2025000001,084.9200C,기타지역,0,0,0
2025000001,084.9700D,해당지역,69,70.23,79
2025000001,084.9700D,기타지역,0,0,0
2025000001,084.9200E,해당지역,69,71,74
2025000001,084.9200E,기타지역,0,0,0
2025000001,106.9700A,해당지역,69,70.57,74
2025000001,106.9700A,기타지역,0,0,0
2025000001,106.8100B,해당지역,69,69.26,72
2025000001,106.8100B,기타지역,0,0,0
2025000001,120.6300,해당지역,69,69.25,70
2025000001,120.6300,기타지역,0,0,0
2024000718,039.9450A,해당지역,55,64.5,81
2024000718,039.9450A,기타지역,0,0,0
2024000718,039.9328B,해당지역,51,56,64
2024000718,039.9328B,기타지역,0,0,0
2024000718,044.9648A,해당지역,59,64,69
2024000718,044.9648A,기타지역,0,0,0
2024000718,044.9002B,해당지역,64,65.67,69
2024000718,044.9002B,기타지역,0,0,0
2024000718,059.9636,해당지역,64,66.67,71
2024000718,059.9636,기타지역,0,0,0
2024000718,084.9464A,해당지역,60,64.43,74
2024000718,084.9464A,기타지역,0,0,0
2024000718,084.9005B,해당지역,50,55.4,67
2024000718,084.9005B,기타지역,0,0,0
2024000718,084.9214C,해당지역,54,58,64
2024000718,084.9214C,기타지역,0,0,0
2024000718,084.9723D,해당지역,46,50.14,57
2024000718,084.9723D,기타지역,0,0,0
2024000718,084.9898E,해당지역,57,60.43,64
2024000718,084.9898E,기타지역,0,0,0
2024000718,098.9477A,해당지역,-,-,-
2024000718,098.9477A,기타지역,-,-,-
2024000718,098.9772B,해당지역,-,-,-
2024000718,098.9772B,기타지역,-,-,-
2024000718,098.9105C,해당지역,-,-,-
2024000718,098.9105C,기타지역,-,-,-
2024000718,098.9375D,해당지역,-,-,-
2024000718,098.9375D,기타지역,-,-,-
2024000718,118.9048,해당지역,-,-,-
2024000718,118.9048,기타지역,-,-,-
2024000692,059.8424A,해당지역,57,60.93,69
2024000692,059.8424A,기타지역,0,0,0
2024000692,059.9254B,해당지역,56,60.27,69
2024000692,059.9254B,기타지역,0,0,0
2024000692,059.9519C,해당지역,60,64.22,69
2024000692,059.9519C,기타지역,0,0,0
2024000692,084.9828,해당지역,61,63.86,69
2024000692,084.9828,기타지역,0,0,0
2024000672,044.9400,해당지역,69,69,69
2024000672,044.9400,기타지역,0,0,0
2024000672,059.9800,해당지역,69,70.79,74
2024000672,059.9800,기타지역,0,0,0
2024000672,075.9800A,해당지역,69,70.63,74
2024000672,075.9800A,기타지역,0,0,0
2024000672,075.9200B,해당지역,69,69,69
2024000672,075.9200B,기타지역,0,0,0
2024000672,084.9500D,해당지역,70,73.6,78
2024000672,084.9500D,기타지역,0,0,0
2024000672,144.6600,해당지역,72,73,74
2024000672,144.6600,기타지역,0,0,0
2024000688,059.5700A,해당지역,63,66.33,69
2024000688,059.5700A,기타지역,0,0,0
2024000688,059.5400B,해당지역,59,63.25,66
2024000688,059.5400B,기타지역,0,0,0
2024000688,084.9400A,해당지역,60,63.39,69
2024000688,084.9400A,기타지역,0,0,0
2024000688,084.7100B,해당지역,61,65.5,78
2024000688,084.7100B,기타지역,0,0,0
2024000688,084.9800C,해당지역,61,64.64,74
2024000688,084.9800C,기타지역,0,0,0
2024000546,045.9900,해당지역,53,54,57
2024000546,045.9900,기타지역,0,0,0
2024000546,059.9600A,해당지역,56,60.89,69
2024000546,059.9600A,기타지역,0,0,0
2024000546,059.9600B,해당지역,61,62,63
2024000546,059.9600B,기타지역,0,0,0
2024000546,059.9000C,해당지역,53,62,71
2024000546,059.9000C,기타지역,0,0,0
2024000659,059.8281A,해당지역,66,68,69
2024000659,059.8281A,기타지역,0,0,0
2024000659,072.1489A,해당지역,59,61.88,64
2024000659,072.1489A,기타지역,0,0,0
2024000659,072.1489B,해당지역,59,60.5,62
2024000659,072.1489B,기타지역,0,0,0
2024000659,072.1489C,해당지역,58,61,64
2024000659,072.1489C,기타지역,0,0,0
2024000659,074.9528A,해당지역,63,65.38,69
2024000659,074.9528A,기타지역,0,0,0
2024000659,074.9528B,해당지역,59,61,64
2024000659,074.9528B,기타지역,0,0,0
2024000659,074.9528C,해당지역,69,71.5,74
2024000659,074.9528C,기타지역,0,0,0
2024000659,084.3174A,해당지역,59,63.98,74
2024000659,084.3174A,기타지역,0,0,0
2024000659,084.6615B,해당지역,64,67.57,79
2024000659,084.6615B,기타지역,0,0,0
2024000659,084.3174C,해당지역,50,56.13,63
2024000659,084.3174C,기타지역,0,0,0
2024000659,084.3174D,해당지역,58,61.33,67
2024000659,084.3174D,기타지역,0,0,0
2024000659,084.6615E,해당지역,59,61.25,64
2024000659,084.6615E,기타지역,0,0,0
2024000659,084.6615F,해당지역,57,61.78,69
2024000659,084.6615F,기타지역,0,0,0
2024000659,091.7708A,해당지역,-,-,-
2024000659,091.7708A,기타지역,-,-,-
2024000659,091.7708B,해당지역,-,-,-
2024000659,091.7708B,기타지역,-,-,-
2024000659,091.7708C,해당지역,-,-,-
2024000659,091.7708C,기타지역,-,-,-
2024000659,105.5415A,해당지역,-,-,-
2024000659,105.5415A,기타지역,-,-,-
2024000659,105.5415B,해당지역,-,-,-
2024000659,105.5415B,기타지역,-,-,-
2024000659,105.5415C,해당지역,-,-,-
2024000659,105.5415C,기타지역,-,-,-
2024000659,112.3989A,해당지역,-,-,-
2024000659,112.3989A,기타지역,-,-,-
2024000659,112.3989B,해당지역,-,-,-
2024000659,112.3989B,기타지역,-,-,-
2024000659,112.3989C,해당지역,-,-,-
2024000659,112.3989C,기타지역,-,-,-
2024000659,120.6467A,해당지역,-,-,-
2024000659,120.6467A,기타지역,-,-,-
2024000659,120.6467B,해당지역,-,-,-
2024000659,120.6467B,기타지역,-,-,-
2024000659,120.6467C,해당지역,-,-,-
2024000659,120.6467C,기타지역,-,-,-
2024000659,143.3468,해당지역,-,-,-
2024000659,143.3468,기타지역,-,-,-
2024000659,145.9565,해당지역,-,-,-
2024000659,145.9565,기타지역,-,-,-
2024000659,159.4358,해당지역,-,-,-
2024000659,159.4358,기타지역,-,-,-
2024000659,161.6674,해당지역,-,-,-
2024000659,161.6674,기타지역,-,-,-
2024000659,167.3881,해당지역,-,-,-
2024000659,167.3881,기타지역,-,-,-
2024000659,170.1115,해당지역,-,-,-
2024000659,170.1115,기타지역,-,-,-
2024000659,244.2274,해당지역,-,-,-
2024000659,244.2274,기타지역,-,-,-
2024000679,051.4060A,해당지역,67,68.5,71
2024000679,051.4060A,기타지역,0,0,0
2024000679,051.5920B,해당지역,68,69.11,72
2024000679,051.5920B,기타지역,0,0,0
2024000679,059.8390A,해당지역,74,74,74
2024000679,059.8390A,기타지역,0,0,0
2024000679,059.8320B,해당지역,69,70,71
2024000679,059.8320B,기타지역,0,0,0
2024000600,059.3518A,해당지역,54,54.5,55
2024000600,059.3518A,기타지역,0,0,0
2024000600,059.1113B,해당지역,50,50.5,51
2024000600,059.1113B,기타지역,0,0,0
2024000600,075.7637A,해당지역,49,55.67,67
2024000600,075.7637A,기타지역,0,0,0
2024000600,075.7637P,해당지역,52,52,52
2024000600,075.7637P,기타지역,0,0,0
2024000600,084.6231A,해당지역,53,55.33,57
2024000600,084.6231A,기타지역,0,0,0
2024000600,084.6536P,해당지역,54,54,54
2024000600,084.6536P,기타지역,0,0,0
2024000600,084.9274P,해당지역,84,84,84
2024000600,084.9274P,기타지역,0,0,0
2024000600,084.4324P,해당지역,58,58,58
2024000600,084.4324P,기타지역,0,0,0
2024000600,084.8930P,해당지역,57,57,57
2024000600,084.8930P,기타지역,0,0,0
2024000590,043.7300,해당지역,69,69.86,74
2024000590,043.7300,기타지역,0,0,0
2024000590,059.4700A,해당지역,74,74.8,78
2024000590,059.4700A,기타지역,0,0,0
2024000590,059.4500B,해당지역,70,71.75,74
2024000590,059.4500B,기타지역,0,0,0
2024000590,059.4600C,해당지역,72,73,74
2024000590,059.4600C,기타지역,0,0,0
2024000590,074.9600A,해당지역,69,70.25,74
2024000590,074.9600A,기타지역,0,0,0
2024000590,074.9400B,해당지역,69,72.33,74
2024000590,074.9400B,기타지역,0,0,0
2024000590,074.9200C,해당지역,72,73.8,79
2024000590,074.9200C,기타지역,0,0,0
2024000590,084.8800A,해당지역,74,74.46,79
2024000590,084.8800A,기타지역,0,0,0
2024000590,084.9900B,해당지역,74,74,74
2024000590,084.9900B,기타지역,0,0,0
2024000590,084.9900C,해당지역,74,74.29,76
2024000590,084.9900C,기타지역,0,0,0
2024000590,084.9600D,해당지역,73,74.03,81
2024000590,084.9600D,기타지역,0,0,0
2024000590,084.9900E,해당지역,74,74.17,75
2024000590,084.9900E,기타지역,0,0,0
2024000590,104.3200A,해당지역,71,72.25,74
2024000590,104.3200A,기타지역,0,0,0
2024000590,104.3200B,해당지역,74,74,74
2024000590,104.3200B,기타지역,0,0,0
2024000590,104.3200C,해당지역,74,74,74
2024000590,104.3200C,기타지역,0,0,0
2024000590,104.2400D,해당지역,74,75.67,79
2024000590,104.2400D,기타지역,0,0,0
2024000534,034.0130F,해당지역,56,60,64
2024000534,034.0130F,기타지역,0,0,0
2024000534,042.0690D,해당지역,44,51.33,61
2024000534,042.0690D,기타지역,0,0,0
2024000534,042.0690E,해당지역,38,46,54
2024000534,042.0690E,기타지역,0,0,0
2024000534,043.6060C,해당지역,43,49.5,58
2024000534,043.6060C,기타지역,0,0,0
2024000534,046.2430A,해당지역,52,58.1,69
2024000534,046.2430A,기타지역,0,0,0
2024000534,046.2430B,해당지역,62,64.67,68
2024000534,046.2430B,기타지역,0,0,0
2024000333,059.9950A,해당지역,56,59.25,63
2024000333,059.9950A,기타지역,0,0,0
2024000333,059.9930B,해당지역,64,64.4,66
2024000333,059.9930B,기타지역,0,0,0
2024000333,059.8873C,해당지역,58,59.5,61
2024000333,059.8873C,기타지역,0,0,0
2024000333,074.9760B,해당지역,69,69,69
2024000333,074.9760B,기타지역,0,0,0
2024000547,059.9900A,해당지역,74,74.75,77
2024000547,059.9900A,기타지역,0,0,0
2024000547,059.9900B,해당지역,69,69.5,70
2024000547,059.9900B,기타지역,0,0,0
2024000547,059.9900D,해당지역,72,72,72
2024000547,059.9900D,기타지역,0,0,0
2024000547,059.9000E,해당지역,74,74,74
2024000547,059.9000E,기타지역,0,0,0
2024000547,072.9900T,해당지역,69,70.33,72
2024000547,072.9900T,기타지역,0,0,0
2024000547,084.9900B,해당지역,74,74.1,75
2024000547,084.9900B,기타지역,0,0,0
2024000547,094.9900T,해당지역,74,79,84
2024000547,094.9900T,기타지역,0,0,0
2024000513,059.7785A,해당지역,74,75.5,79
2024000513,059.7785A,기타지역,0,0,0
2024000513,059.9089B,해당지역,74,74,74
2024000513,059.9089B,기타지역,0,0,0
2024000513,084.7467A,해당지역,74,76.73,79
2024000513,084.7467A,기타지역,0,0,0
2024000513,084.9194B,해당지역,74,75.44,81
2024000513,084.9194B,기타지역,0,0,0
2024000513,084.5040C,해당지역,74,76.17,79
2024000513,084.5040C,기타지역,0,0,0
2024000484,049.4510A,해당지역,53,57,64
2024000484,049.4510A,기타지역,0,0,0
2024000484,049.0920B,해당지역,52,57.83,61
2024000484,049.0920B,기타지역,0,0,0
2024000484,059.0000A,해당지역,62,64.63,69
2024000484,059.0000A,기타지역,0,0,0
2024000484,069.2820A,해당지역,62,67,73
2024000484,069.2820A,기타지역,0,0,0
2024000484,069.2820B,해당지역,62,64.33,69
2024000484,069.2820B,기타지역,0,0,0
2024000471,053.1680,해당지역,45,48.5,54
2024000471,053.1680,기타지역,0,0,0
2024000471,059.2760A,해당지역,38,45.92,62
2024000471,059.2760A,기타지역,0,0,0
2024000471,059.1730B,해당지역,0,0,0
2024000471,059.1730B,기타지역,20,21.67,24
2024000471,074.5540A,해당지역,-,-,-
2024000471,074.5540A,기타지역,-,-,-
2024000471,074.6060B,해당지역,36,43.58,59
2024000471,074.6060B,기타지역,0,0,0
2024000472,045.7233,해당지역,66,68.26,69
2024000472,045.7233,기타지역,0,0,0
2024000472,059.9398A,해당지역,73,73.5,74
2024000472,059.9398A,기타지역,0,0,0
2024000472,059.7660B,해당지역,74,74,74
2024000472,059.7660B,기타지역,0,0,0
2024000472,059.7267D,해당지역,69,69,69
2024000472,059.7267D,기타지역,0,0,0
2024000472,065.9129,해당지역,69,70.25,74
2024000472,065.9129,기타지역,0,0,0
2024000412,059.8600A,해당지역,69,70.14,76
2024000412,059.8600A,기타지역,0,0,0
2024000412,059.5300B,해당지역,69,71.31,79
2024000412,059.5300B,기타지역,0,0,0
2024000412,059.8000C,해당지역,73,73.8,74
2024000412,059.8000C,기타지역,0,0,0
2024000412,084.9800A,해당지역,69,69.98,75
2024000412,084.9800A,기타지역,0,0,0
2024000412,084.9500B,해당지역,69,69.17,74
2024000412,084.9500B,기타지역,0,0,0
2024000412,084.9800C,해당지역,69,69.08,72
2024000412,084.9800C,기타지역,0,0,0
2024000412,101.9000A,해당지역,69,71.81,78
2024000412,101.9000A,기타지역,0,0,0
2024000412,101.8700B,해당지역,69,69.56,74
2024000412,101.8700B,기타지역,0,0,0
2024000412,114.9200A,해당지역,74,74.2,75
2024000412,114.9200A,기타지역,0,0,0
2024000412,114.8500B,해당지역,70,73.5,74
2024000412,114.8500B,기타지역,0,0,0
2024000390,036.6756A,해당지역,49,53,57
2024000390,036.6756A,기타지역,0,0,0
2024000390,048.3293A,해당지역,49,54,62
2024000390,048.3293A,기타지역,0,0,0
2024000390,048.3293B,해당지역,40,46.86,60
2024000390,048.3293B,기타지역,0,0,0
2024000390,048.3293C,해당지역,51,51.5,52
2024000390,048.3293C,기타지역,0,0,0
2024000371,045.9800A,해당지역,68,68.8,69
2024000371,045.9800A,기타지역,0,0,0
2024000371,045.9800B,해당지역,65,66,67
2024000371,045.9800B,기타지역,0,0,0
2024000371,058.7800A,해당지역,69,69,69
2024000371,058.7800A,기타지역,0,0,0
2024000371,058.7800B,해당지역,69,70.23,74
2024000371,058.7800B,기타지역,0,0,0
2024000371,074.9300A,해당지역,69,69,69
2024000371,074.9300A,기타지역,0,0,0
2024000371,084.9200A,해당지역,74,74,74
2024000371,084.9200A,기타지역,0,0,0
2024000371,084.9800B,해당지역,70,71.75,73
2024000371,084.9800B,기타지역,0,0,0
2024000241,036.9919,해당지역,52,56.25,64
2024000241,036.9919,기타지역,0,0,0
2024000241,044.8835A,해당지역,59,61.5,64
2024000241,044.8835A,기타지역,0,0,0
2024000241,044.9889B,해당지역,54,59,64
2024000241,044.9889B,기타지역,0,0,0
2024000241,059.9759A,해당지역,59,63.53,74
2024000241,059.9759A,기타지역,0,0,0
2024000241,059.8256B,해당지역,47,56,71
2024000241,059.8256B,기타지역,0,0,0
2024000241,059.9800C,해당지역,51,57.67,68
2024000241,059.9800C,기타지역,0,0,0
2024000241,059.8964D,해당지역,52,56.14,64
2024000241,059.8964D,기타지역,0,0,0
2024000241,084.9994A,해당지역,61,65.31,73
2024000241,084.9994A,기타지역,0,0,0
2024000241,084.9869B,해당지역,56,60.7,69
2024000241,084.9869B,기타지역,0,0,0
2024000241,104.4333,해당지역,-,-,-
2024000241,104.4333,기타지역,-,-,-
2024000241,108.8719,해당지역,-,-,-
2024000241,108.8719,기타지역,-,-,-
2024000241,113.3591,해당지역,-,-,-
2024000241,113.3591,기타지역,-,-,-
2024000241,180.9176P,해당지역,-,-,-
2024000241,180.9176P,기타지역,-,-,-
2024000355,059.7832A,해당지역,77,78,79
2024000355,059.7832A,기타지역,0,0,0
2024000355,059.8000B,해당지역,74,77.14,79
2024000355,059.8000B,기타지역,0,0,0
2024000355,059.7940C,해당지역,77,77,77
2024000355,059.7940C,기타지역,0,0,0
2024000355,084.7280A,해당지역,77,78.72,84
2024000355,084.7280A,기타지역,0,0,0
2024000355,084.8077B,해당지역,74,74.05,75
2024000355,084.8077B,기타지역,0,0,0
2024000355,084.7259C,해당지역,72,73.58,79
2024000355,084.7259C,기타지역,0,0,0
2024000355,084.7442D,해당지역,73,73.75,74
2024000355,084.7442D,기타지역,0,0,0
2024000355,107.6378A,해당지역,74,79.75,84
2024000355,107.6378A,기타지역,0,0,0
2024000355,107.8965B,해당지역,75,77.83,82
2024000355,107.8965B,기타지역,0,0,0
2024000355,137.6504A,해당지역,74,75.14,80
2024000355,137.6504A,기타지역,0,0,0
2024000355,137.9925B,해당지역,69,72.67,79
2024000355,137.9925B,기타지역,0,0,0
2024000355,155.8754,해당지역,79,80.25,84
2024000355,155.8754,기타지역,0,0,0
2024000355,191.8590,해당지역,77,78.25,79
2024000355,191.8590,기타지역,0,0,0
2024000284,059.9600A,해당지역,60,63.68,69
2024000284,059.9600A,기타지역,0,0,0
2024000284,059.9700B,해당지역,64,66.81,69
2024000284,059.9700B,기타지역,0,0,0
2024000284,059.9600C,해당지역,54,58.22,67
2024000284,059.9600C,기타지역,0,0,0
2024000284,059.9300D,해당지역,61,64.13,69
2024000284,059.9300D,기타지역,0,0,0
2024000284,084.9900A,해당지역,64,65.5,69
2024000284,084.9900A,기타지역,0,0,0
2024000284,084.9100B,해당지역,64,67.95,80
2024000284,084.9100B,기타지역,0,0,0
2024000284,084.9500C,해당지역,56,63.32,74
2024000284,084.9500C,기타지역,0,0,0
2024000284,084.9800D,해당지역,61,63.9,69
2024000284,084.9800D,기타지역,0,0,0
2024000279,059.9860A,해당지역,69,70.35,74
2024000279,059.9860A,기타지역,0,0,0
2024000279,059.9963B,해당지역,68,69.67,74
2024000279,059.9963B,기타지역,0,0,0
2024000279,084.9867A,해당지역,73,74.25,76
2024000279,084.9867A,기타지역,0,0,0
2024000279,084.9881B,해당지역,64,65.4,69
2024000279,084.9881B,기타지역,0,0,0
2024000279,084.9802C,해당지역,69,69,69
2024000279,084.9802C,기타지역,0,0,0
2024000279,084.9940D,해당지역,69,69.96,78
2024000279,084.9940D,기타지역,0,0,0
2024000279,084.9861E,해당지역,69,72.33,76
2024000279,084.9861E,기타지역,0,0,0
2024000279,114.9812A,해당지역,-,-,-
2024000279,114.9812A,기타지역,-,-,-
2024000279,114.9749B,해당지역,-,-,-
2024000279,114.9749B,기타지역,-,-,-
2024000245,042.7600C,해당지역,46,50.33,59
2024000245,042.7600C,기타지역,0,0,0
2024000245,043.2117A,해당지역,50,52.57,55
2024000245,043.2117A,기타지역,0,0,0
2024000245,043.2117B,해당지역,45,48.67,54
2024000245,043.2117B,기타지역,0,0,0
2024000245,043.2117D,해당지역,50,50,50
2024000245,043.2117D,기타지역,0,0,0
2024000226,084.9863A,해당지역,72,73,74
2024000226,084.9863A,기타지역,0,0,0
2024000226,084.9997B,해당지역,73,73.5,74
2024000226,084.9997B,기타지역,0,0,0
2024000226,084.9811C,해당지역,69,72.18,80
2024000226,084.9811C,기타지역,0,0,0
2024000226,130.9881,해당지역,-,-,-
2024000226,130.9881,기타지역,-,-,-
2024000208,049.9800A,해당지역,65,65,65
2024000208,049.9800A,기타지역,0,0,0
2024000208,049.9800B,해당지역,53,56.67,60
2024000208,049.9800B,기타지역,0,0,0
2024000208,059.9900A,해당지역,47,53.42,67
2024000208,059.9900A,기타지역,0,0,0
2024000208,059.9900B,해당지역,47,53.89,69
2024000208,059.9900B,기타지역,0,0,0
2024000208,075.4900,해당지역,43,46.4,52
2024000208,075.4900,기타지역,0,0,0
2024000208,084.9400A,해당지역,54,57.81,62
2024000208,084.9400A,기타지역,0,0,0
2024000208,084.9000B,해당지역,50,54.5,59
2024000208,084.9000B,기타지역,0,0,0
2024000208,084.8900C,해당지역,43,44,45
2024000208,084.8900C,기타지역,0,0,0
2024000208,084.8700D,해당지역,52,52,52
2024000208,084.8700D,기타지역,0,0,0
2024000208,084.9500E,해당지역,70,70,70
2024000208,084.9500E,기타지역,0,0,0
2024000208,084.8700F,해당지역,46,51.8,66
2024000208,084.8700F,기타지역,0,0,0
2024000174,084.9500D,해당지역,84,84,84
2024000174,084.9500D,기타지역,0,0,0
2024000107,037.3483,해당지역,49,49,49
2024000107,037.3483,기타지역,0,0,0
2024000107,042.5476A,해당지역,35,45,59
2024000107,042.5476A,기타지역,0,0,0
2024000107,042.1014B,해당지역,28,33.57,44
2024000107,042.1014B,기타지역,0,0,0
2024000107,042.1500C,해당지역,-,-,-
2024000107,042.1500C,기타지역,-,-,-
2024000001,084.9756A,해당지역,61,63.17,69
2024000001,084.9756A,기타지역,0,0,0
2024000001,084.9818B,해당지역,67,68.67,72
2024000001,084.9818B,기타지역,0,0,0
2024000001,112.7589,해당지역,-,-,-
2024000001,112.7589,기타지역,-,-,-
2024000061,052.5256A,해당지역,48,53.62,64
2024000061,052.5256A,기타지역,0,0,0
2024000061,052.5256P,해당지역,55,57.5,60
2024000061,052.5256P,기타지역,0,0,0
2024000061,052.5256T,해당지역,49,49,49
2024000061,052.5256T,기타지역,0,0,0
2024000074,059.9494,해당지역,66,67.89,72
2024000074,059.9494,기타지역,0,0,0
2024000074,084.3669A,해당지역,72,72.5,73
2024000074,084.3669A,기타지역,0,0,0
2024000074,084.9994B,해당지역,64,66.8,69
2024000074,084.9994B,기타지역,0,0,0
2024000074,084.3669C,해당지역,65,66,67
2024000074,084.3669C,기타지역,0,0,0
2024000033,043.0502A,해당지역,69,70.88,74
2024000033,043.0502A,기타지역,0,0,0
2024000033,043.4430B,해당지역,69,69,69
2024000033,043.4430B,기타지역,0,0,0
2024000033,049.2874A,해당지역,73,74.58,78
2024000033,049.2874A,기타지역,0,0,0
2024000033,049.6998B,해당지역,74,74,74
2024000033,049.6998B,기타지역,0,0,0
2024000033,049.7803C,해당지역,69,69,69
2024000033,049.7803C,기타지역,0,0,0
2024000033,049.6415D,해당지역,69,69,69
2024000033,049.6415D,기타지역,0,0,0
2024000033,059.1662A,해당지역,76,76,76
2024000033,059.1662A,기타지역,0,0,0
2024000033,059.5368B,해당지역,79,79,79
2024000033,059.5368B,기타지역,0,0,0
2023000682,084.9318,해당지역,59,62.5,74
2023000682,084.9318,기타지역,0,0,0
2023000682,115.4906,해당지역,-,-,-
2023000682,115.4906,기타지역,-,-,-
2023000682,123.3567,해당지역,-,-,-
2023000682,123.3567,기타지역,-,-,-
2023000682,213.6667,해당지역,-,-,-
2023000682,213.6667,기타지역,-,-,-
2023000682,223.7193,해당지역,-,-,-
2023000682,223.7193,기타지역,-,-,-
2023000682,244.7652A,해당지역,-,-,-
2023000682,244.7652A,기타지역,-,-,-
2023000682,244.9903B,해당지역,-,-,-
2023000682,244.9903B,기타지역,-,-,-
2023000672,037.4200,해당지역,30,37.25,44
2023000672,037.4200,기타지역,0,0,0
2023000672,037.4100A,해당지역,47,47,47
2023000672,037.4100A,기타지역,0,0,0
2023000672,054.6400,해당지역,46,47,48
2023000672,054.6400,기타지역,0,0,0
2023000672,054.6400A,해당지역,35,35,35
2023000672,054.6400A,기타지역,0,0,0
2023000672,059.8600A,해당지역,42,47.2,58
2023000672,059.8600A,기타지역,0,0,0
2023000672,059.9700B,해당지역,35,41.4,49
2023000672,059.9700B,기타지역,0,0,0
2023000672,059.5700C,해당지역,40,40,40
2023000672,059.5700C,기타지역,0,0,0
2023000672,059.6500D,해당지역,62,62,62
2023000672,059.6500D,기타지역,0,0,0
2023000676,027.2967A,해당지역,37,39.25,43
2023000676,027.2967A,기타지역,0,0,0
2023000676,029.6544A,해당지역,37,39.75,43
2023000676,029.6544A,기타지역,0,0,0
2023000676,039.5210A,해당지역,35,40.75,50
2023000676,039.5210A,기타지역,0,0,0
2023000676,042.4793A,해당지역,46,51.33,59
2023000676,042.4793A,기타지역,0,0,0
2023000676,042.3953B,해당지역,27,35.75,45
2023000676,042.3953B,기타지역,0,0,0
2023000676,042.0337C,해당지역,42,56.25,68
2023000676,042.0337C,기타지역,0,0,0
2023000532,059.8970A,해당지역,59,63.6,74
2023000532,059.8970A,기타지역,0,0,0
2023000532,059.9020B,해당지역,59,63.15,69
2023000532,059.9020B,기타지역,0,0,0
2023000532,059.8910C,해당지역,55,59,69
2023000532,059.8910C,기타지역,0,0,0
2023000532,073.5490,해당지역,60,64.2,74
2023000532,073.5490,기타지역,0,0,0
2023000532,078.9350,해당지역,65,68.03,74
2023000532,078.9350,기타지역,0,0,0
2023000532,084.9430,해당지역,66,66,66
2023000532,084.9430,기타지역,0,0,0
2023000647,044.2700A,해당지역,0,0,0
2023000647,044.2700A,기타지역,30,38.67,55
2023000647,044.8100B,해당지역,25,28.83,38
2023000647,044.8100B,기타지역,0,0,0
2023000608,049.1360,해당지역,52,54.8,59
2023000608,049.1360,기타지역,0,0,0
2023000608,059.9890,해당지역,60,61,62
2023000608,059.9890,기타지역,0,0,0
2023000608,074.6605,해당지역,55,56.67,63
2023000608,074.6605,기타지역,0,0,0
2023000608,084.8306A,해당지역,60,64.33,69
2023000608,084.8306A,기타지역,0,0,0
2023000608,084.6810B,해당지역,59,63.33,69
2023000608,084.6810B,기타지역,0,0,0
2023000562,049.9200A,해당지역,64,67.44,74
2023000562,049.9200A,기타지역,0,0,0
2023000562,049.4000B,해당지역,64,66.17,70
2023000562,049.4000B,기타지역,0,0,0
2023000562,059.9400A,해당지역,69,70,73
2023000562,059.9400A,기타지역,0,0,0
2023000562,059.8700B,해당지역,73,74.8,79
2023000562,059.8700B,기타지역,0,0,0
2023000562,074.9500A,해당지역,69,69.5,71
2023000562,074.9500A,기타지역,0,0,0
2023000562,074.4300C,해당지역,69,69.25,70
2023000562,074.4300C,기타지역,0,0,0
2023000562,074.4300D,해당지역,69,69.6,72
2023000562,074.4300D,기타지역,0,0,0
2023000562,074.9600E,해당지역,70,72.75,74
2023000562,074.9600E,기타지역,0,0,0
2023000562,074.9600F,해당지역,73,74,75
2023000562,074.9600F,기타지역,0,0,0
2023000555,059.8916A,해당지역,58,58,58
2023000555,059.8916A,기타지역,0,0,0
2023000555,075.8256A,해당지역,44,49.5,55
2023000555,075.8256A,기타지역,0,0,0
2023000555,084.8658A,해당지역,54,54,54
2023000555,084.8658A,기타지역,0,0,0
2023000555,084.9602B,해당지역,39,44.54,57
2023000555,084.9602B,기타지역,0,0,0
2023000555,084.8897C,해당지역,27,33.33,43
2023000555,084.8897C,기타지역,0,0,0
2023000548,020.8000A,해당지역,40,46.2,56
2023000548,020.8000A,기타지역,0,0,0
2023000548,041.6000A,해당지역,59,64.5,69
2023000548,041.6000A,기타지역,0,0,0
2023000548,059.9100A,해당지역,56,61.34,72
2023000548,059.9100A,기타지역,0,0,0
2023000548,059.9500B,해당지역,51,56.48,69
2023000548,059.9500B,기타지역,0,0,0
2023000548,059.9600C,해당지역,49,54.65,69
2023000548,059.9600C,기타지역,0,0,0
2023000548,059.9600D,해당지역,54,55.5,57
2023000548,059.9600D,기타지역,0,0,0
2023000548,059.6700E,해당지역,35,39.43,50
2023000548,059.6700E,기타지역,0,0,0
2023000548,059.9500F,해당지역,47,52.33,56
2023000548,059.9500F,기타지역,0,0,0
2023000548,084.9500A,해당지역,61,65.07,71
2023000548,084.9500A,기타지역,0,0,0
2023000548,084.9500B,해당지역,60,63.82,69
2023000548,084.9500B,기타지역,0,0,0
2023000548,084.9200C,해당지역,56,61.67,75
2023000548,084.9200C,기타지역,0,0,0
2023000548,084.9200D,해당지역,32,38.1,62
2023000548,084.9200D,기타지역,0,0,0
2023000548,084.6000E,해당지역,50,52,54
2023000548,084.6000E,기타지역,0,0,0
2023000548,084.8400F,해당지역,50,55.5,61
2023000548,084.8400F,기타지역,0,0,0
2023000548,084.7700G,해당지역,42,45.75,54
2023000548,084.7700G,기타지역,0,0,0
2023000548,099.5200A,해당지역,-,-,-
2023000548,099.5200A,기타지역,-,-,-
2023000548,102.9300A,해당지역,-,-,-
2023000548,102.9300A,기타지역,-,-,-
2023000548,102.9900P,해당지역,-,-,-
2023000548,102.9900P,기타지역,-,-,-
2023000415,044.9900,해당지역,49,51.8,54
2023000415,044.9900,기타지역,0,0,0
2023000415,047.9800A,해당지역,52,55,60
2023000415,047.9800A,기타지역,0,0,0
2023000415,047.9800B,해당지역,59,61.86,64
2023000415,047.9800B,기타지역,0,0,0
2023000415,059.8100A,해당지역,69,69,69
2023000415,059.8100A,기타지역,0,0,0
2023000415,059.9400B,해당지역,66,68.8,76
2023000415,059.9400B,기타지역,0,0,0
2023000415,059.9400C,해당지역,64,65.17,69
2023000415,059.9400C,기타지역,0,0,0
2023000415,074.8000,해당지역,55,55,55
2023000415,074.8000,기타지역,0,0,0
2023000415,074.7100,해당지역,56,56,56
2023000415,074.7100,기타지역,0,0,0
2023000415,074.9500A,해당지역,66,66,66
2023000415,074.9500A,기타지역,0,0,0
2023000415,074.8400B,해당지역,64,67.4,74
2023000415,074.8400B,기타지역,0,0,0
2023000415,074.9600C,해당지역,59,62.5,69
2023000415,074.9600C,기타지역,0,0,0
2023000415,084.9300,해당지역,69,69,69
2023000415,084.9300,기타지역,0,0,0
2023000415,084.6600,해당지역,62,62,62
2023000415,084.6600,기타지역,0,0,0
2023000415,084.7500A,해당지역,67,70,74
2023000415,084.7500A,기타지역,0,0,0
2023000415,084.9600B,해당지역,64,64,64
2023000415,084.9600B,기타지역,0,0,0
2023000472,030.1316A,해당지역,30,36.8,54
2023000472,030.1316A,기타지역,0,0,0
2023000472,030.1316G,해당지역,48,48,48
2023000472,030.1316G,기타지역,0,0,0
2023000472,033.2328C,해당지역,22,23.67,26
2023000472,033.2328C,기타지역,0,0,0
2023000472,033.2328E,해당지역,23,23,23
2023000472,033.2328E,기타지역,0,0,0
2023000472,038.1851B,해당지역,34,37.6,40
2023000472,038.1851B,기타지역,0,0,0
2023000472,038.1851H,해당지역,48,48,48
2023000472,038.1851H,기타지역,0,0,0
2023000472,043.3253D,해당지역,43,49,59
2023000472,043.3253D,기타지역,0,0,0
2023000472,055.4227F,해당지역,48,48,48
2023000472,055.4227F,기타지역,0,0,0
2023000443,059.9958A,해당지역,66,67.33,69
2023000443,059.9958A,기타지역,0,0,0
2023000443,059.9940B,해당지역,62,63.9,69
2023000443,059.9940B,기타지역,0,0,0
2023000443,084.9891A,해당지역,60,65.17,69
2023000443,084.9891A,기타지역,0,0,0
2023000443,084.9875B,해당지역,53,59.83,77
2023000443,084.9875B,기타지역,0,0,0
2023000443,084.9494C,해당지역,56,59.92,74
2023000443,084.9494C,기타지역,0,0,0
2023000438,059.9533A,해당지역,-,-,-
2023000438,059.9533A,기타지역,-,-,-
2023000438,059.9817B,해당지역,-,-,-
2023000438,059.9817B,기타지역,-,-,-
2023000438,084.9870A,해당지역,-,-,-
2023000438,084.9870A,기타지역,-,-,-
2023000438,084.9887B,해당지역,-,-,-
2023000438,084.9887B,기타지역,-,-,-
2023000438,084.8648C,해당지역,-,-,-
2023000438,084.8648C,기타지역,-,-,-
2023000465,058.9200A,해당지역,56,56,56
2023000465,058.9200A,기타지역,0,0,0
2023000465,058.9000B,해당지역,54,57,63
2023000465,058.9000B,기타지역,0,0,0
2023000465,059.9600A,해당지역,73,73,73
2023000465,059.9600A,기타지역,0,0,0
2023000465,059.9800B,해당지역,63,66.67,73
2023000465,059.9800B,기타지역,0,0,0
2023000465,059.9700C,해당지역,61,63.5,69
2023000465,059.9700C,기타지역,0,0,0
2023000457,076.1600,해당지역,62,64.44,69
2023000457,076.1600,기타지역,0,0,0
2023000457,081.7900,해당지역,69,69,69
2023000457,081.7900,기타지역,0,0,0
2023000414,049.9130,해당지역,53,55.75,59
2023000414,049.9130,기타지역,0,0,0
2023000414,059.9270A,해당지역,53,56.78,62
2023000414,059.9270A,기타지역,0,0,0
2023000414,059.6110B,해당지역,49,53.13,64
2023000414,059.6110B,기타지역,0,0,0
2023000414,084.7870A,해당지역,50,56.78,64
2023000414,084.7870A,기타지역,0,0,0
2023000414,084.6140B,해당지역,42,50.8,63
2023000414,084.6140B,기타지역,0,0,0
2023000414,084.8790C,해당지역,40,42.4,46
2023000414,084.8790C,기타지역,0,0,0
2023000414,084.7300P,해당지역,50,50,50
2023000414,084.7300P,기타지역,0,0,0
2023000414,114.6940P,해당지역,-,-,-
2023000414,114.6940P,기타지역,-,-,-
2023000404,059.8166A,해당지역,53,57.47,68
2023000404,059.8166A,기타지역,0,0,0
2023000404,059.9425B,해당지역,57,60.38,64
2023000404,059.9425B,기타지역,0,0,0
2023000404,074.9953A,해당지역,46,53,64
2023000404,074.9953A,기타지역,0,0,0
2023000404,084.9198A,해당지역,53,56.3,66
2023000404,084.9198A,기타지역,0,0,0
2023000404,084.6246B,해당지역,47,53.16,69
2023000404,084.6246B,기타지역,0,0,0
2023000404,084.4744C,해당지역,45,52.6,65
2023000404,084.4744C,기타지역,0,0,0
2023000311,059.8109A,해당지역,64,66,71
2023000311,059.8109A,기타지역,0,0,0
2023000311,059.8279B,해당지역,62,64.18,69
2023000311,059.8279B,기타지역,0,0,0
2023000311,059.8788C,해당지역,62,63.57,65
2023000311,059.8788C,기타지역,0,0,0
2023000311,084.8124,해당지역,69,69,69
2023000311,084.8124,기타지역,0,0,0
2023000382,052.9800,해당지역,55,57.44,61
2023000382,052.9800,기타지역,0,0,0
2023000382,055.9900,해당지역,58,62.81,69
2023000382,055.9900,기타지역,0,0,0
2023000382,059.9500A,해당지역,64,67.65,74
2023000382,059.9500A,기타지역,0,0,0
2023000382,059.9800B,해당지역,64,66.55,74
2023000382,059.9800B,기타지역,0,0,0
2023000382,059.9500C,해당지역,69,69,69
2023000382,059.9500C,기타지역,0,0,0
2023000382,074.9800A,해당지역,67,68.88,74
2023000382,074.9800A,기타지역,0,0,0
2023000382,074.9900B,해당지역,68,71,74
2023000382,074.9900B,기타지역,0,0,0
2023000382,074.9900C,해당지역,62,64.73,69
2023000382,074.9900C,기타지역,0,0,0
2023000382,084.9700A,해당지역,69,69.39,74
2023000382,084.9700A,기타지역,0,0,0
2023000382,084.9900B,해당지역,69,70.25,75
2023000382,084.9900B,기타지역,0,0,0
2023000382,084.9700C,해당지역,69,71.5,74
2023000382,084.9700C,기타지역,0,0,0
2023000382,099.9800,해당지역,-,-,-
2023000382,099.9800,기타지역,-,-,-
2023000382,114.9800,해당지역,-,-,-
2023000382,114.9800,기타지역,-,-,-
2023000358,022.1000,해당지역,25,37.25,47
2023000358,022.1000,기타지역,0,0,0
2023000358,033.1875,해당지역,-,-,-
2023000358,033.1875,기타지역,-,-,-
2023000358,035.8001,해당지역,20,28,39
2023000358,035.8001,기타지역,0,0,0
2023000358,048.5913,해당지역,48,53.25,62
2023000358,048.5913,기타지역,0,0,0
2023000230,074.9200,해당지역,69,71.61,74
2023000230,074.9200,기타지역,0,0,0
2023000230,084.8600A,해당지역,69,70.28,79
2023000230,084.8600A,기타지역,0,0,0
2023000230,084.7300B,해당지역,69,69.5,73
2023000230,084.7300B,기타지역,0,0,0
2023000230,084.8600C,해당지역,67,68.5,69
2023000230,084.8600C,기타지역,0,0,0
2023000230,084.8600D,해당지역,68,68.75,69
2023000230,084.8600D,기타지역,0,0,0
2023000230,101.8800A,해당지역,-,-,-
2023000230,101.8800A,기타지역,-,-,-
2023000230,101.8800B,해당지역,-,-,-
2023000230,101.8800B,기타지역,-,-,-
2023000230,101.8800C,해당지역,-,-,-
2023000230,101.8800C,기타지역,-,-,-
2023000230,124.5800,해당지역,-,-,-
2023000230,124.5800,기타지역,-,-,-
2023000230,125.6700P,해당지역,-,-,-
2023000230,125.6700P,기타지역,-,-,-
2023000230,138.5200,해당지역,-,-,-
2023000230,138.5200,기타지역,-,-,-
2023000343,044.0651C,해당지역,53,55.5,58
2023000343,044.0651C,기타지역,0,0,0
2023000343,044.2781G,해당지역,37,42.5,48
2023000343,044.2781G,기타지역,0,0,0
2023000343,046.6786A,해당지역,31,31,31
2023000343,046.6786A,기타지역,0,0,0
2023000343,046.6786B,해당지역,41,42.5,44
2023000343,046.6786B,기타지역,0,0,0
2023000343,049.8697I,해당지역,48,48,48
2023000343,049.8697I,기타지역,0,0,0
2023000343,049.8917K,해당지역,40,45,50
2023000343,049.8917K,기타지역,0,0,0
2023000343,049.8917L,해당지역,52,52,52
2023000343,049.8917L,기타지역,0,0,0
2023000324,084.2287A,해당지역,71,74.63,79
2023000324,084.2287A,기타지역,0,0,0
2023000324,084.2753B,해당지역,69,69.5,72
2023000324,084.2753B,기타지역,0,0,0
2023000324,105.7501A,해당지역,64,66.25,71
2023000324,105.7501A,기타지역,0,0,0
2023000324,105.6071B,해당지역,63,66.33,69
2023000324,105.6071B,기타지역,0,0,0
2023000324,122.8014,해당지역,66,69.5,74
2023000324,122.8014,기타지역,0,0,0
2023000282,066.9262,해당지역,64,65.5,67
2023000282,066.9262,기타지역,0,0,0
2023000282,073.0597,해당지역,55,62,69
2023000282,073.0597,기타지역,0,0,0
2023000282,076.6086,해당지역,59,59,59
2023000282,076.6086,기타지역,0,0,0
2023000282,084.8282,해당지역,64,65.75,68
2023000282,084.8282,기타지역,0,0,0
2023000281,051.4261A,해당지역,58,61.92,66
2023000281,051.4261A,기타지역,0,0,0
2023000281,059.9753A,해당지역,68,69.5,74
2023000281,059.9753A,기타지역,0,0,0
2023000281,059.9314B,해당지역,67,68.87,74
2023000281,059.9314B,기타지역,0,0,0
2023000255,051.9836,해당지역,51,54.5,59
2023000255,051.9836,기타지역,0,0,0
2023000255,059.9854,해당지역,60,63,67
2023000255,059.9854,기타지역,0,0,0
2023000255,074.9266B,해당지역,64,64,64
2023000255,074.9266B,기타지역,0,0,0
2023000255,084.9843A,해당지역,58,64.13,74
2023000255,084.9843A,기타지역,0,0,0
2023000255,084.9828B,해당지역,52,54.56,62
2023000255,084.9828B,기타지역,0,0,0
2023000189,059.8460A,해당지역,62,66.4,74
2023000189,059.8460A,기타지역,0,0,0
2023000189,059.8287B,해당지역,59,62.82,69
2023000189,059.8287B,기타지역,0,0,0
2023000174,059.9700,해당지역,69,69,69
2023000174,059.9700,기타지역,0,0,0
2023000174,059.9700T,해당지역,69,69,69
2023000174,059.9700T,기타지역,0,0,0
2023000174,076.8100,해당지역,62,63.75,67
2023000174,076.8100,기타지역,0,0,0
2023000174,084.9800A,해당지역,65,68.1,69
2023000174,084.9800A,기타지역,0,0,0
2023000174,084.9600B,해당지역,58,61.31,69
2023000174,084.9600B,기타지역,0,0,0
2023000174,084.9900C,해당지역,64,66.17,69
2023000174,084.9900C,기타지역,0,0,0
2023000174,084.9800T,해당지역,69,69,69
2023000174,084.9800T,기타지역,0,0,0
2023000174,084.9600T,해당지역,69,69,69
2023000174,084.9600T,기타지역,0,0,0
2023000174,084.9900T,해당지역,69,69,69
2023000174,084.9900T,기타지역,0,0,0
2023000145,049.6840A,해당지역,28,34.67,46
2023000145,049.6840A,기타지역,0,0,0
2023000145,059.8560D,해당지역,38,43.25,46
2023000145,059.8560D,기타지역,0,0,0
2023000145,059.9180E,해당지역,32,37,43
2023000145,059.9180E,기타지역,0,0,0
2023000145,059.9920F,해당지역,44,49.4,57
2023000145,059.9920F,기타지역,0,0,0
2023000145,059.9860G,해당지역,-,-,-
2023000145,059.9860G,기타지역,-,-,-
2023000145,074.8290B,해당지역,0,0,0
2023000145,074.8290B,기타지역,26,28,30
2023000145,074.9330C,해당지역,-,-,-
2023000145,074.9330C,기타지역,-,-,-
2023000145,074.7630D,해당지역,-,-,-
2023000145,074.7630D,기타지역,-,-,-
2023000145,084.7200A,해당지역,39,48.25,58
2023000145,084.7200A,기타지역,0,0,0
2023000144,059.6510A,해당지역,38,42.5,50
2023000144,059.6510A,기타지역,0,0,0
2023000144,059.9970B,해당지역,31,38,46
2023000144,059.9970B,기타지역,0,0,0
2023000144,059.9250C,해당지역,0,0,0
2023000144,059.9250C,기타지역,34,34.5,35
2023000144,074.9630A,해당지역,0,0,0
2023000144,074.9630A,기타지역,43,43,43
2023000067,039.8300,해당지역,62,65.5,69
2023000067,039.8300,기타지역,0,0,0
2023000067,059.9300A,해당지역,69,69.73,74
2023000067,059.9300A,기타지역,0,0,0
2023000067,059.9600B,해당지역,59,62.96,74
2023000067,059.9600B,기타지역,0,0,0
2023000067,059.9900C,해당지역,57,59.57,64
2023000067,059.9900C,기타지역,0,0,0
2023000067,059.9800D,해당지역,57,61.6,70
2023000067,059.9800D,기타지역,0,0,0
2023000067,084.9700A,해당지역,69,70.6,77
2023000067,084.9700A,기타지역,0,0,0
2023000067,084.9900B,해당지역,67,69,74
2023000067,084.9900B,기타지역,0,0,0
2023000052,059.9976A,해당지역,54,60.57,70
2023000052,059.9976A,기타지역,0,0,0
2023000052,059.9917B,해당지역,62,65.5,69
2023000052,059.9917B,기타지역,0,0,0
2023000052,059.9995C,해당지역,48,53.65,69
2023000052,059.9995C,기타지역,0,0,0
2023000052,070.6625A,해당지역,56,59.27,67
2023000052,070.6625A,기타지역,0,0,0
2023000052,070.8482B,해당지역,62,66,69
2023000052,070.8482B,기타지역,0,0,0
2023000052,084.9719,해당지역,64,65.5,69
2023000052,084.9719,기타지역,0,0,0
2023000048,059.9921A,해당지역,69,69.63,72
2023000048,059.9921A,기타지역,0,0,0
2023000048,059.9968B,해당지역,65,67.38,70
2023000048,059.9968B,기타지역,0,0,0
2023000048,059.9318C,해당지역,64,69,74
2023000048,059.9318C,기타지역,0,0,0
2023000048,084.9087A,해당지역,67,68.29,69
2023000048,084.9087A,기타지역,0,0,0
2023000048,084.8353B,해당지역,69,69.75,75
2023000048,084.8353B,기타지역,0,0,0
2023000048,084.9060C,해당지역,63,66.38,71
2023000048,084.9060C,기타지역,0,0,0
2023000006,059.6202,해당지역,0,0,0
2023000006,059.6202,기타지역,44,47,50
2023000006,074.0328,해당지역,-,-,-
2023000006,074.0328,기타지역,-,-,-
2023000006,077.3304,해당지역,-,-,-
2023000006,077.3304,기타지역,-,-,-
2023000006,084.9702,해당지역,38,40,42
2023000006,084.9702,기타지역,0,0,0
2022000887,059.9700A,해당지역,69,69,69
2022000887,059.9700A,기타지역,0,0,0
2022000887,059.5000B,해당지역,61,63,65
2022000887,059.5000B,기타지역,0,0,0
2022000887,084.9800A,해당지역,47,54.05,69
2022000887,084.9800A,기타지역,0,0,0
2022000887,084.9800B,해당지역,38,43.29,69
2022000887,084.9800B,기타지역,0,0,0
2022000887,084.9400C,해당지역,43,49.06,59
2022000887,084.9400C,기타지역,0,0,0
2022000883,059.9800B,해당지역,64,67.8,74
2022000883,059.9800B,기타지역,0,0,0
2022000846,029.9700A,해당지역,54,59,67
2022000846,029.9700A,기타지역,0,0,0
2022000846,039.9500A,해당지역,0,0,0
2022000846,039.9500A,기타지역,26,37.09,64
2022000846,049.9500A,해당지역,20,37.51,69
2022000846,049.9500A,기타지역,0,0,0
2022000846,059.9900A,해당지역,51,59.58,77
2022000846,059.9900A,기타지역,0,0,0
2022000846,059.9800B,해당지역,49,58.57,72
2022000846,059.9800B,기타지역,0,0,0
2022000846,059.9600C,해당지역,46,54.62,69
2022000846,059.9600C,기타지역,0,0,0
2022000846,059.9600D,해당지역,62,66.78,74
2022000846,059.9600D,기타지역,0,0,0
2022000846,059.9800E,해당지역,53,61.53,71
2022000846,059.9800E,기타지역,0,0,0
2022000846,084.9900A,해당지역,64,67.2,74
2022000846,084.9900A,기타지역,0,0,0
2022000846,084.9900B,해당지역,54,64.05,74
2022000846,084.9900B,기타지역,0,0,0
2022000846,084.9900C,해당지역,42,57.93,76
2022000846,084.9900C,기타지역,0,0,0
2022000846,084.9900D,해당지역,42,53.1,74
2022000846,084.9900D,기타지역,0,0,0
2022000846,084.9800E,해당지역,35,47,69
2022000846,084.9800E,기타지역,0,0,0
2022000846,084.9900F,해당지역,40,53.3,69
2022000846,084.9900F,기타지역,0,0,0
2022000846,084.9800G,해당지역,44,50.68,69
2022000846,084.9800G,기타지역,0,0,0
2022000846,084.9900H,해당지역,53,59.9,69
2022000846,084.9900H,기타지역,0,0,0
2022000835,049.9400B,해당지역,20,37.79,59
2022000835,049.9400B,기타지역,0,0,0
2022000835,049.9600C,해당지역,-,-,-
2022000835,049.9600C,기타지역,-,-,-
2022000835,049.8200D,해당지역,22,41.2,57
2022000835,049.8200D,기타지역,0,0,0
2022000835,049.9800E,해당지역,0,0,0
2022000835,049.9800E,기타지역,24,27.5,35
2022000835,059.9700A,해당지역,45,52.09,65
2022000835,059.9700A,기타지역,0,0,0
2022000835,059.9900B,해당지역,49,58.84,74
2022000835,059.9900B,기타지역,0,0,0
2022000835,059.9900C,해당지역,35,46.5,69
2022000835,059.9900C,기타지역,0,0,0
2022000835,059.9800D,해당지역,33,43.91,74
2022000835,059.9800D,기타지역,0,0,0
2022000835,059.9900E,해당지역,35,45.53,69
2022000835,059.9900E,기타지역,0,0,0
2022000835,072.9900,해당지역,32,43.69,69
2022000835,072.9900,기타지역,0,0,0
2022000835,084.9900A,해당지역,20,39.16,72
2022000835,084.9900A,기타지역,0,0,0
2022000835,084.9800B,해당지역,26,42.68,69
2022000835,084.9800B,기타지역,0,0,0
2022000835,084.8900D,해당지역,-,-,-
2022000835,084.8900D,기타지역,-,-,-
2022000835,084.8700E,해당지역,50,50,50
2022000835,084.8700E,기타지역,0,0,0
2022000835,084.9500F,해당지역,-,-,-
2022000835,084.9500F,기타지역,-,-,-
2022000835,097.8600,해당지역,57,63.75,74
2022000835,097.8600,기타지역,0,0,0
2022000837,030.2694,해당지역,19,24.33,32
2022000837,030.2694,기타지역,0,0,0
2022000837,033.6442,해당지역,-,-,-
2022000837,033.6442,기타지역,-,-,-
2022000837,040.9032,해당지역,36,43.67,57
2022000837,040.9032,기타지역,0,0,0
2022000837,041.8783,해당지역,37,42,47
2022000837,041.8783,기타지역,0,0,0
2022000837,050.5169,해당지역,16,21.2,26
2022000837,050.5169,기타지역,0,0,0
2022000837,055.8501,해당지역,-,-,-
2022000837,055.8501,기타지역,-,-,-
2022000837,059.0930,해당지역,25,39.47,64
2022000837,059.0930,기타지역,0,0,0
2022000778,039.9900,해당지역,50,54.5,60
2022000778,039.9900,기타지역,0,0,0
2022000778,049.9900A,해당지역,69,69,69
2022000778,049.9900A,기타지역,0,0,0
2022000778,049.9700B,해당지역,57,57,57
2022000778,049.9700B,기타지역,0,0,0
2022000778,059.9900A,해당지역,52,58.53,74
2022000778,059.9900A,기타지역,0,0,0
2022000778,059.9900B,해당지역,49,55.11,69
2022000778,059.9900B,기타지역,0,0,0
2022000778,070.9800A,해당지역,50,57.17,69
2022000778,070.9800A,기타지역,0,0,0
2022000778,070.9800B,해당지역,52,59.06,69
2022000778,070.9800B,기타지역,0,0,0
2022000778,084.9900A,해당지역,48,56.91,72
2022000778,084.9900A,기타지역,0,0,0
2022000778,084.9700B,해당지역,34,48.76,69
2022000778,084.9700B,기타지역,0,0,0
2022000778,084.5400C,해당지역,18,35.07,59
2022000778,084.5400C,기타지역,0,0,0
2022000778,084.9900D,해당지역,41,50.03,64
2022000778,084.9900D,기타지역,0,0,0
2022000778,100.9700A,해당지역,52,57.6,70
2022000778,100.9700A,기타지역,0,0,0
2022000778,100.9900B,해당지역,56,57.5,59
2022000778,100.9900B,기타지역,0,0,0
2022000767,042.8400,해당지역,42,48,64
2022000767,042.8400,기타지역,0,0,0
2022000767,052.4700,해당지역,47,51.2,57
2022000767,052.4700,기타지역,0,0,0
2022000767,053.2400,해당지역,43,44.25,46
2022000767,053.2400,기타지역,0,0,0
2022000767,059.9300A,해당지역,62,64.5,67
2022000767,059.9300A,기타지역,0,0,0
2022000767,059.9600B,해당지역,54,54,54
2022000767,059.9600B,기타지역,0,0,0
2022000767,059.8600C,해당지역,54,55,56
2022000767,059.8600C,기타지역,0,0,0
2022000767,073.4800A,해당지역,64,64,64
2022000767,073.4800A,기타지역,0,0,0
2022000767,084.8500A,해당지역,53,57.43,63
2022000767,084.8500A,기타지역,0,0,0
2022000767,084.8800B,해당지역,51,54.8,63
2022000767,084.8800B,기타지역,0,0,0
2022000767,118.7000,해당지역,58,60.33,64
2022000767,118.7000,기타지역,0,0,0
2022000489,067.9639,해당지역,42,52.2,61
2022000489,067.9639,기타지역,0,0,0
2022000489,084.5396A,해당지역,-,-,-
2022000489,084.5396A,기타지역,-,-,-
2022000489,084.8949B,해당지역,-,-,-
2022000489,084.8949B,기타지역,-,-,-
2022000561,033.6443,해당지역,0,0,0
2022000561,033.6443,기타지역,15,15,15
2022000561,034.4916,해당지역,0,0,0
2022000561,034.4916,기타지역,22,22,22
2022000561,035.2843,해당지역,41,42,43
2022000561,035.2843,기타지역,0,0,0
2022000561,036.9845,해당지역,-,-,-
2022000561,036.9845,기타지역,-,-,-
2022000561,037.3188,해당지역,32,36.6,43
2022000561,037.3188,기타지역,0,0,0
2022000561,038.6542,해당지역,34,35,36
2022000561,038.6542,기타지역,0,0,0
2022000561,040.2940,해당지역,27,29,31
2022000561,040.2940,기타지역,0,0,0
2022000561,042.3840,해당지역,-,-,-
2022000561,042.3840,기타지역,-,-,-
2022000561,042.3840A,해당지역,30,38.44,54
2022000561,042.3840A,기타지역,0,0,0
2022000561,043.1175,해당지역,0,0,0
2022000561,043.1175,기타지역,16,19,22
2022000561,043.1460,해당지역,40,43,46
2022000561,043.1460,기타지역,0,0,0
2022000561,048.0152,해당지역,57,57,57
2022000561,048.0152,기타지역,0,0,0
2022000561,054.0520,해당지역,63,63,63
2022000561,054.0520,기타지역,0,0,0
2022000561,060.9817,해당지역,47,47,47
2022000561,060.9817,기타지역,0,0,0
2022000561,061.1445,해당지역,35,35,35
2022000561,061.1445,기타지역,0,0,0
2022000561,067.9480,해당지역,54,61.5,69
2022000561,067.9480,기타지역,0,0,0
2022000364,059.1669A,해당지역,62,63.5,65
2022000364,059.1669A,기타지역,0,0,0
2022000364,059.1638B,해당지역,45,45,45
2022000364,059.1638B,기타지역,0,0,0
2022000364,059.5063C,해당지역,50,55,60
2022000364,059.5063C,기타지역,0,0,0
2022000364,059.8811D,해당지역,27,27,27
2022000364,059.8811D,기타지역,0,0,0
2022000364,060.5723E,해당지역,0,0,0
2022000364,060.5723E,기타지역,62,62,62
2022000364,061.7919F,해당지역,41,41,41
2022000364,061.7919F,기타지역,0,0,0
2022000364,068.5534A,해당지역,50,50,50
2022000364,068.5534A,기타지역,0,0,0
2022000364,068.5501B,해당지역,41,45.5,50
2022000364,068.5501B,기타지역,0,0,0
2022000364,068.7601C,해당지역,62,62,62
2022000364,068.7601C,기타지역,0,0,0
2022000364,068.7509D,해당지역,65,65,65
2022000364,068.7509D,기타지역,0,0,0
2022000364,068.6006E,해당지역,44,51.5,59
2022000364,068.6006E,기타지역,0,0,0
2022000364,068.7390F,해당지역,43,44.5,46
2022000364,068.7390F,기타지역,0,0,0
2022000248,058.8500A,해당지역,44,49.5,57
2022000248,058.8500A,기타지역,0,0,0
2022000248,058.1300B,해당지역,32,41.67,61
2022000248,058.1300B,기타지역,0,0,0
2022000248,058.0900C,해당지역,38,46.18,59
2022000248,058.0900C,기타지역,0,0,0
2022000248,059.8000,해당지역,50,52.25,57
2022000248,059.8000,기타지역,0,0,0
2022000248,122.5100F,해당지역,35,35,35
2022000248,122.5100F,기타지역,0,0,0
2022000129,039.9690A,해당지역,48,49.75,51
2022000129,039.9690A,기타지역,0,0,0
2022000129,042.2948A,해당지역,47,49.5,57
2022000129,042.2948A,기타지역,0,0,0
2022000129,045.9844B,해당지역,43,48.18,60
2022000129,045.9844B,기타지역,0,0,0
2022000129,049.2134A,해당지역,54,56.93,62
2022000129,049.2134A,기타지역,0,0,0
2022000129,049.9619B,해당지역,53,55.57,60
2022000129,049.9619B,기타지역,0,0,0
2022000129,049.9976C,해당지역,53,56.86,69
2022000129,049.9976C,기타지역,0,0,0
2022000129,049.9995D,해당지역,60,62.25,67
2022000129,049.9995D,기타지역,0,0,0
2022000129,056.5067A,해당지역,52,54,59
2022000129,056.5067A,기타지역,0,0,0
2022000129,059.9851A,해당지역,55,57.42,63
2022000129,059.9851A,기타지역,0,0,0
2022000129,059.9954B,해당지역,56,58.06,62
2022000129,059.9954B,기타지역,0,0,0
2022000129,059.7446C,해당지역,56,58.2,61
2022000129,059.7446C,기타지역,0,0,0
2022000128,041.4983A,해당지역,51,53.64,57
2022000128,041.4983A,기타지역,0,0,0
2022000128,046.6997C,해당지역,51,55.85,66
2022000128,046.6997C,기타지역,0,0,0
2022000128,049.2617F,해당지역,63,66.08,69
2022000128,049.2617F,기타지역,0,0,0
2022000128,059.9881A,해당지역,61,64.91,69
2022000128,059.9881A,기타지역,0,0,0
2022000128,059.7076B,해당지역,56,62.17,70
2022000128,059.7076B,기타지역,0,0,0
2022000128,059.6641C,해당지역,55,59.17,66
2022000128,059.6641C,기타지역,0,0,0
2022000119,054.9200,해당지역,57,58.33,59
2022000119,054.9200,기타지역,0,0,0
2022000119,059.7400A,해당지역,62,64.91,69
2022000119,059.7400A,기타지역,0,0,0
2022000119,059.7400B,해당지역,55,56,57
2022000119,059.7400B,기타지역,0,0,0
2022000119,059.7400C,해당지역,60,64.5,69
2022000119,059.7400C,기타지역,0,0,0
2022000103,039.9969A,해당지역,47,50.92,56
2022000103,039.9969A,기타지역,0,0,0
2022000103,053.9850A,해당지역,41,48.64,63
2022000103,053.9850A,기타지역,0,0,0
2022000103,053.9875B,해당지역,45,50.1,61
2022000103,053.9875B,기타지역,0,0,0
2022000103,059.9877A,해당지역,54,57.4,64
2022000103,059.9877A,기타지역,0,0,0
2022000103,074.9676A,해당지역,44,50.48,62
2022000103,074.9676A,기타지역,0,0,0
2022000103,080.8489A,해당지역,34,43.71,71
2022000103,080.8489A,기타지역,0,0,0
2022000103,084.8655A,해당지역,45,51.69,71
2022000103,084.8655A,기타지역,0,0,0
2022000103,084.9706B,해당지역,47,51.33,69
2022000103,084.9706B,기타지역,0,0,0
2022000092,018.6585A,해당지역,47,47,47
2022000092,018.6585A,기타지역,0,0,0
2022000092,018.9021B,해당지역,-,-,-
2022000092,018.9021B,기타지역,-,-,-
2022000092,018.5019C,해당지역,-,-,-
2022000092,018.5019C,기타지역,-,-,-
2022000092,019.9815A,해당지역,0,0,0
2022000092,019.9815A,기타지역,12,26.44,50
2022000092,019.7295B,해당지역,-,-,-
2022000092,019.7295B,기타지역,-,-,-
2022000092,020.7740A,해당지역,-,-,-
2022000092,020.7740A,기타지역,-,-,-
2022000092,020.9300B,해당지역,-,-,-
2022000092,020.9300B,기타지역,-,-,-
2022000092,020.6650C,해당지역,-,-,-
2022000092,020.6650C,기타지역,-,-,-
2022000092,023.8466,해당지역,0,0,0
2022000092,023.8466,기타지역,39,45.33,54
2022000092,023.3354A,해당지역,-,-,-
2022000092,023.3354A,기타지역,-,-,-
2022000092,023.3354B,해당지역,23,23,23
2022000092,023.3354B,기타지역,0,0,0
2022000092,024.3350,해당지역,-,-,-
2022000092,024.3350,기타지역,-,-,-
2022000092,025.9755,해당지역,52,52,52
2022000092,025.9755,기타지역,0,0,0
2022000092,026.6863,해당지역,50,52.75,57
2022000092,026.6863,기타지역,0,0,0
2022000092,056.7067A,해당지역,47,47,47
2022000092,056.7067A,기타지역,0,0,0
2022000092,056.7067B,해당지역,53,53,53
2022000092,056.7067B,기타지역,0,0,0
2022000092,058.9672,해당지역,35,35,35
2022000092,058.9672,기타지역,0,0,0
2022000092,059.9906A,해당지역,57,57,57
2022000092,059.9906A,기타지역,0,0,0
2022000092,059.9879B,해당지역,56,58,60
2022000092,059.9879B,기타지역,0,0,0
2022000092,066.1059,해당지역,44,44,44
2022000092,066.1059,기타지역,0,0,0
2022000092,076.1473,해당지역,35,37.5,40
2022000092,076.1473,기타지역,0,0,0
2022000092,078.1719,해당지역,20,35.38,76
2022000092,078.1719,기타지역,0,0,0
2022000051,039.1136,해당지역,40,43.5,49
2022000051,039.1136,기타지역,0,0,0
2022000051,044.0497,해당지역,54,56.33,59
2022000051,044.0497,기타지역,0,0,0
2022000051,059.1202A,해당지역,52,55.17,60
2022000051,059.1202A,기타지역,0,0,0
2022000051,059.9525B,해당지역,49,55,64
2022000051,059.9525B,기타지역,0,0,0
2022000051,059.9717C,해당지역,45,50.47,56
2022000051,059.9717C,기타지역,0,0,0
2022000031,049.0972,해당지역,59,62.39,69
2022000031,049.0972,기타지역,0,0,0
2022000031,056.2770,해당지역,69,69,69
2022000031,056.2770,기타지역,0,0,0
2022000031,059.9953,해당지역,69,70.65,78
2022000031,059.9953,기타지역,0,0,0
2021000930,038.9233B,해당지역,54,55.5,60
2021000930,038.9233B,기타지역,0,0,0
2021000930,042.9794B,해당지역,57,60.4,64
2021000930,042.9794B,기타지역,0,0,0
2021000930,051.9110A,해당지역,61,64.5,69
2021000930,051.9110A,기타지역,0,0,0
2021000930,051.9110B,해당지역,60,62.33,65
2021000930,051.9110B,기타지역,0,0,0
2021000930,059.9701A,해당지역,66,69.56,76
2021000930,059.9701A,기타지역,0,0,0
2021000930,059.6389B,해당지역,65,65,65
2021000930,059.6389B,기타지역,0,0,0
2021000930,059.8269C,해당지역,63,64,65
2021000930,059.8269C,기타지역,0,0,0
2021000930,059.9546D,해당지역,66,67.5,69
2021000930,059.9546D,기타지역,0,0,0
2021000930,084.9625A,해당지역,58,61.42,69
2021000930,084.9625A,기타지역,0,0,0
2021000930,084.8654B,해당지역,57,60.92,70
2021000930,084.8654B,기타지역,0,0,0
2021000930,084.9585C,해당지역,58,61.04,67
2021000930,084.9585C,기타지역,0,0,0
2021000930,112.9104,해당지역,56,59.94,66
2021000930,112.9104,기타지역,0,0,0
2021000891,049.5600,해당지역,61,64.84,76
2021000891,049.5600,기타지역,0,0,0
2021000891,075.6500A,해당지역,69,69,69
2021000891,075.6500A,기타지역,0,0,0
2021000891,075.9900B,해당지역,66,68.28,69
2021000891,075.9900B,기타지역,0,0,0
2021000891,075.2400C,해당지역,67,67.8,69
2021000891,075.2400C,기타지역,0,0,0
2021000891,084.8300A,해당지역,69,69.11,70
2021000891,084.8300A,기타지역,0,0,0
2021000891,084.9500B,해당지역,69,69,69
2021000891,084.9500B,기타지역,0,0,0
2021000516,084.0964A,해당지역,71,73.38,74
2021000516,084.0964A,기타지역,70,71.08,74
2021000516,084.0964B,해당지역,71,72.75,74
2021000516,084.0964B,기타지역,70,72.43,76
2021000516,084.8514C,해당지역,69,69,69
2021000516,084.8514C,기타지역,69,69,69
2021000516,084.0835D,해당지역,72,74.42,81
2021000516,084.0835D,기타지역,70,72.13,79
2021000516,084.2087E,해당지역,69,69.5,71
2021000516,084.2087E,기타지역,69,69.83,72
2021000516,084.2087F,해당지역,69,69,69
2021000516,084.2087F,기타지역,69,69,69
2021000516,084.1277G,해당지역,69,71.17,74
2021000516,084.1277G,기타지역,69,69.4,70
2021000516,084.0593H,해당지역,71,71,71
2021000516,084.0593H,기타지역,0,0,0
2021000516,084.0505I,해당지역,70,71.13,74
2021000516,084.0505I,기타지역,69,69.88,74
2021000516,084.3580J,해당지역,69,69,69
2021000516,084.3580J,기타지역,69,69,69
2021000516,084.2924K,해당지역,69,70,74
2021000516,084.2924K,기타지역,69,69.43,72
2021000516,084.2718L,해당지역,69,70.29,73
2021000516,084.2718L,기타지역,69,69,69
2021000516,084.4162M,해당지역,70,71.33,74
2021000516,084.4162M,기타지역,69,69,69
2021000516,084.2515N,해당지역,69,69,69
2021000516,084.2515N,기타지역,69,69,69
2021000516,084.0536O,해당지역,69,69.5,71
2021000516,084.0536O,기타지역,69,69.33,70
2021000516,084.2410P,해당지역,69,69,69
2021000516,084.2410P,기타지역,69,69,69
2021000516,084.2410Q,해당지역,69,69,69
2021000516,084.2410Q,기타지역,69,69,69
2021000516,084.5069R,해당지역,69,69.33,70
2021000516,084.5069R,기타지역,66,67,68
2021000516,084.0754S,해당지역,69,69,69
2021000516,084.0754S,기타지역,68,68.67,69
2021000516,084.0941T,해당지역,69,69,69
2021000516,084.0941T,기타지역,69,69,69
2021000516,101.0619A,해당지역,69,69.38,70
2021000516,101.0619A,기타지역,69,69,69
2021000516,101.0532B,해당지역,67,68.78,69
2021000516,101.0532B,기타지역,69,69.56,74
2021000516,101.0459C,해당지역,69,69.58,74
2021000516,101.0459C,기타지역,69,69.58,74
2021000516,101.0327D,해당지역,69,71.56,74
2021000516,101.0327D,기타지역,69,71.56,79
2021000516,101.0804E,해당지역,68,68.75,69
2021000516,101.0804E,기타지역,69,70.5,74
2021000516,101.0797F,해당지역,71,72.5,74
2021000516,101.0797F,기타지역,69,69,69
2021000601,050.4330A,해당지역,56,56,56
2021000601,050.4330A,기타지역,0,0,0
2021000601,050.4380B,해당지역,51,51,51
2021000601,050.4380B,기타지역,0,0,0
2021000601,051.4210A,해당지역,54,57.14,63
2021000601,051.4210A,기타지역,0,0,0
2021000601,051.4210B,해당지역,53,54.5,56
2021000601,051.4210B,기타지역,0,0,0
2021000601,052.2180A,해당지역,58,58.6,59
2021000601,052.2180A,기타지역,0,0,0
2021000601,052.2180B,해당지역,52,56.8,63
2021000601,052.2180B,기타지역,0,0,0
2021000601,054.8030A,해당지역,70,70,70
2021000601,054.8030A,기타지역,0,0,0
2021000601,054.8030B,해당지역,59,59,59
2021000601,054.8030B,기타지역,0,0,0
2021000515,035.7100,해당지역,55,55,55
2021000515,035.7100,기타지역,0,0,0
2021000515,038.3400,해당지역,35,37.44,41
2021000515,038.3400,기타지역,0,0,0
2021000515,045.8500,해당지역,50,50,50
2021000515,045.8500,기타지역,0,0,0
2021000515,049.5700,해당지역,49,49,49
2021000515,049.5700,기타지역,0,0,0
2021000515,050.4600,해당지역,50,50,50
2021000515,050.4600,기타지역,0,0,0
2021000515,053.5100,해당지역,51,51,51
2021000515,053.5100,기타지역,0,0,0
2021000515,055.3400,해당지역,39,46,53
2021000515,055.3400,기타지역,0,0,0
2021000515,056.4500,해당지역,44,50.89,64
2021000515,056.4500,기타지역,0,0,0
2021000515,056.4600,해당지역,49,52.1,58
2021000515,056.4600,기타지역,0,0,0
2021000515,056.5600,해당지역,64,64,64
2021000515,056.5600,기타지역,0,0,0
2021000422,016.7900A,해당지역,37,43.89,59
2021000422,016.7900A,기타지역,0,0,0
2021000422,016.9500D,해당지역,16,28.22,47
2021000422,016.9500D,기타지역,0,0,0
2021000422,017.0400A,해당지역,35,43.56,59
2021000422,017.0400A,기타지역,0,0,0
2021000422,017.3600B,해당지역,20,34.89,51
2021000422,017.3600B,기타지역,0,0,0
2021000422,017.0400D,해당지역,29,38.5,57
2021000422,017.0400D,기타지역,0,0,0
2021000422,027.3700C,해당지역,55,57.67,63
2021000422,027.3700C,기타지역,0,0,0
2021000446,029.5800,해당지역,51,51,51
2021000446,029.5800,기타지역,0,0,0
2021000446,040.4300,해당지역,49,51.57,54
2021000446,040.4300,기타지역,0,0,0
2021000446,054.5200A,해당지역,46,51.14,58
2021000446,054.5200A,기타지역,0,0,0
2021000446,054.5600B,해당지역,48,50.63,54
2021000446,054.5600B,기타지역,0,0,0
2021000446,055.0800A,해당지역,53,56.75,61
2021000446,055.0800A,기타지역,0,0,0
2021000446,055.1800B,해당지역,54,56.43,61
2021000446,055.1800B,기타지역,0,0,0
2021000446,067.4400,해당지역,60,60,60
2021000446,067.4400,기타지역,0,0,0
2021000446,068.3900,해당지역,59,61.29,64
2021000446,068.3900,기타지역,0,0,0
2021000446,126.6200,해당지역,66,66,66
2021000446,126.6200,기타지역,0,0,0
2021000418,046.9300A,해당지역,73,74.5,76
2021000418,046.9300A,기타지역,0,0,0
2021000418,059.9600A,해당지역,73,74.35,79
2021000418,059.9600A,기타지역,0,0,0
2021000418,059.9600B,해당지역,69,69.81,79
2021000418,059.9600B,기타지역,0,0,0
2021000418,074.9700A,해당지역,74,77.88,79
2021000418,074.9700A,기타지역,0,0,0
2021000418,074.9700B,해당지역,78,80.5,84
2021000418,074.9700B,기타지역,0,0,0
2021000418,074.9200C,해당지역,74,74.27,77
2021000418,074.9200C,기타지역,0,0,0
2021000336,016.0100D,해당지역,22,31.33,51
2021000336,016.0100D,기타지역,0,0,0
2021000336,016.2300D,해당지역,19,30.93,52
2021000336,016.2300D,기타지역,0,0,0
2021000336,018.4100B,해당지역,28,39.65,55
2021000336,018.4100B,기타지역,0,0,0
2021000336,020.0200A,해당지역,45,48.4,51
2021000336,020.0200A,기타지역,0,0,0
2021000336,020.2100A,해당지역,41,46.7,60
2021000336,020.2100A,기타지역,0,0,0
2021000336,024.5200C,해당지역,53,56.3,61
2021000336,024.5200C,기타지역,0,0,0
2021000213,024.5533A,해당지역,42,50.25,69
2021000213,024.5533A,기타지역,0,0,0
2021000213,024.5533C,해당지역,50,55.67,64
2021000213,024.5533C,기타지역,0,0,0
2021000213,028.4064A,해당지역,40,46.43,57
2021000213,028.4064A,기타지역,0,0,0
2021000213,029.4564A,해당지역,45,51.17,66
2021000213,029.4564A,기타지역,0,0,0
2021000213,029.4564C,해당지역,50,56.08,66
2021000213,029.4564C,기타지역,0,0,0
2021000213,042.2349A,해당지역,64,65,67
2021000213,042.2349A,기타지역,0,0,0
2021000245,050.0855A,해당지역,55,57.2,60
2021000245,050.0855A,기타지역,0,0,0
2021000245,050.0855B,해당지역,53,53,53
2021000245,050.0855B,기타지역,0,0,0
2021000245,064.2929,해당지역,56,56,56
2021000245,064.2929,기타지역,0,0,0
2021000245,068.9258A,해당지역,54,58.1,64
2021000245,068.9258A,기타지역,0,0,0
2021000245,068.8529B,해당지역,53,56.67,60
2021000245,068.8529B,기타지역,0,0,0
2021000245,068.8867C,해당지역,57,60.25,65
2021000245,068.8867C,기타지역,0,0,0
2021000245,068.8867D,해당지역,59,59,59
2021000245,068.8867D,기타지역,0,0,0
2021000245,070.5278,해당지역,60,60,60
2021000245,070.5278,기타지역,0,0,0
2021000245,072.7410,해당지역,58,59.9,65
2021000245,072.7410,기타지역,0,0,0
2021000120,046.6783,해당지역,59,60.62,69
2021000120,046.6783,기타지역,0,0,0
2021000120,063.3633,해당지역,65,66.6,69
2021000120,063.3633,기타지역,0,0,0
2021000057,084.1500A,해당지역,74,74.83,82
2021000057,084.1500A,기타지역,74,74.31,79
2021000057,084.0300B,해당지역,69,71.71,77
2021000057,084.0300B,기타지역,69,70.05,74
2021000057,084.1000C,해당지역,69,70.15,74
2021000057,084.1000C,기타지역,69,69.92,74
2021000057,084.1000D,해당지역,69,70.07,73
2021000057,084.1000D,기타지역,69,69.5,74
2021000057,084.1900E,해당지역,69,69.33,70
2021000057,084.1900E,기타지역,69,69,69
2021000057,084.2700F,해당지역,69,69.2,70
2021000057,084.2700F,기타지역,69,69,69
2021000057,084.4500G,해당지역,67,67,67
2021000057,084.4500G,기타지역,70,70,70
2021000057,084.9400H,해당지역,65,65.5,66
2021000057,084.9400H,기타지역,67,67.5,68
2021000057,084.8700I,해당지역,69,69,69
2021000057,084.8700I,기타지역,66,66,66
2021000057,084.9100J,해당지역,69,69,69
2021000057,084.9100J,기타지역,68,68,68
2021000057,084.9400K,해당지역,66,67.5,69
2021000057,084.9400K,기타지역,69,69,69
2021000057,084.9500L,해당지역,68,68,68
2021000057,084.9500L,기타지역,69,69,69
2021000057,084.0700M,해당지역,68,68,68
2021000057,084.0700M,기타지역,69,69,69
2021000057,084.1400N,해당지역,64,64,64
2021000057,084.1400N,기타지역,0,0,0
2021000057,084.1400O,해당지역,64,64,64
2021000057,084.1400O,기타지역,0,0,0
2021000057,084.6700P,해당지역,67,68.67,69
2021000057,084.6700P,기타지역,69,69,69
2021000057,084.2300Q,해당지역,69,69.33,70
2021000057,084.2300Q,기타지역,69,69.5,70
2021000057,084.7200R,해당지역,79,80,81
2021000057,084.7200R,기타지역,74,74,74
2021000057,084.3200S,해당지역,69,69,69
2021000057,084.3200S,기타지역,69,69,69
2021000057,084.5000T,해당지역,63,63,63
2021000057,084.5000T,기타지역,0,0,0
2021000057,084.0200U,해당지역,69,69.67,71
2021000057,084.0200U,기타지역,69,69,69
2021000057,084.6400V,해당지역,69,69,69
2021000057,084.6400V,기타지역,69,69,69
2021000057,084.2800W,해당지역,69,69,69
2021000057,084.2800W,기타지역,70,71.5,73
2021000057,101.0400A,해당지역,69,69.14,70
2021000057,101.0400A,기타지역,69,69.57,74
2021000057,101.0500B,해당지역,68,68.8,69
2021000057,101.0500B,기타지역,67,68,69
2021000057,101.2700C,해당지역,66,68,69
2021000057,101.2700C,기타지역,66,68.37,72
2021000057,101.3000D,해당지역,65,66.17,68
2021000057,101.3000D,기타지역,66,67.5,69
2021000056,046.9730A,해당지역,65,68.23,75
2021000056,046.9730A,기타지역,0,0,0
2021000056,046.9710B,해당지역,69,70,74
2021000056,046.9710B,기타지역,0,0,0
2020001386,084.8942A,해당지역,69,69.42,74
2020001386,084.8942A,기타지역,69,69.55,72
2020001386,084.8942B,해당지역,69,69.79,74
2020001386,084.8942B,기타지역,69,69.44,76
2020001386,084.6331C,해당지역,67,68.08,69
2020001386,084.6331C,기타지역,67,68.67,69
2020001386,084.9399D,해당지역,67,68.5,69
2020001386,084.9399D,기타지역,67,68.25,69
2020001386,084.9888E,해당지역,65,67.6,69
2020001386,084.9888E,기타지역,68,69,70
2020001386,084.6505F,해당지역,66,66.75,68
2020001386,084.6505F,기타지역,67,68.25,69
2020001386,084.6921G,해당지역,64,66,69
2020001386,084.6921G,기타지역,67,68.33,69
2020001386,084.9180H,해당지역,69,69.75,72
2020001386,084.9180H,기타지역,67,67.67,69
2020001386,084.7324I,해당지역,69,69.33,72
2020001386,084.7324I,기타지역,69,69.35,72
2020001386,084.8935J,해당지역,69,70.05,75
2020001386,084.8935J,기타지역,69,69.43,74
2020001386,084.9687K,해당지역,69,69,69
2020001386,084.9687K,기타지역,67,67.75,69
2020001386,101.7074A,해당지역,66,69.18,74
2020001386,101.7074A,기타지역,66,70.55,79
2020001386,101.7074B,해당지역,65,66.2,69
2020001386,101.7074B,기타지역,68,68.78,69
2020001386,101.3957C,해당지역,69,69.89,74
2020001386,101.3957C,기타지역,69,69.5,72
2020001386,101.8406D,해당지역,69,70,75
2020001386,101.8406D,기타지역,69,70,84
2020001292,048.7950A,해당지역,52,53.25,55
2020001292,048.7950A,기타지역,0,0,0
2020001292,048.7950B,해당지역,51,55.33,74
2020001292,048.7950B,기타지역,0,0,0
2020001292,048.7980C,해당지역,53,57.56,64
2020001292,048.7980C,기타지역,0,0,0
2020001292,049.6680,해당지역,51,52.83,55
2020001292,049.6680,기타지역,0,0,0
2020001292,057.9910,해당지역,61,64.78,69
2020001292,057.9910,기타지역,0,0,0
2020001292,084.5190,해당지역,65,65,65
2020001292,084.5190,기타지역,0,0,0
2020001299,066.0000H,해당지역,-,-,-
2020001299,066.0000H,기타지역,-,-,-
2020001299,070.0000H,해당지역,-,-,-
2020001299,070.0000H,기타지역,-,-,-
2020001299,075.0000H,해당지역,-,-,-
2020001299,075.0000H,기타지역,-,-,-
2020001299,080.0000H,해당지역,-,-,-
2020001299,080.0000H,기타지역,-,-,-
2020001299,084.0000H,해당지역,-,-,-
2020001299,084.0000H,기타지역,-,-,-
2020001298,064.0000H,해당지역,-,-,-
2020001298,064.0000H,기타지역,-,-,-
2020001298,074.0000H,해당지역,-,-,-
2020001298,074.0000H,기타지역,-,-,-
2020001298,084.0000H,해당지역,-,-,-
2020001298,084.0000H,기타지역,-,-,-
2020001190,051.0600S,해당지역,55,55,55
2020001190,051.0600S,기타지역,0,0,0
2020001190,054.1800R,해당지역,46,48.71,54
2020001190,054.1800R,기타지역,0,0,0
2020001190,055.6500Q,해당지역,52,52,52
2020001190,055.6500Q,기타지역,0,0,0
2020001190,056.8400L,해당지역,42,44,47
2020001190,056.8400L,기타지역,0,0,0
2020001190,056.4900N,해당지역,30,33,39
2020001190,056.4900N,기타지역,0,0,0
2020001190,056.0100P,해당지역,32,39,50
2020001190,056.0100P,기타지역,0,0,0
2020001190,057.2800K,해당지역,56,56,56
2020001190,057.2800K,기타지역,0,0,0
2020001190,057.3700M,해당지역,53,53,53
2020001190,057.3700M,기타지역,0,0,0
2020001190,057.0100O,해당지역,31,36.6,45
2020001190,057.0100O,기타지역,0,0,0
2020001190,059.8800F,해당지역,52,54.2,57
2020001190,059.8800F,기타지역,0,0,0
2020001190,059.8800G,해당지역,50,50,50
2020001190,059.8800G,기타지역,0,0,0
2020001190,059.7700H,해당지역,48,52.5,57
2020001190,059.7700H,기타지역,0,0,0
2020001190,059.3700I,해당지역,42,45.8,49
2020001190,059.3700I,기타지역,0,0,0
2020001190,064.5700D,해당지역,58,58,58
2020001190,064.5700D,기타지역,0,0,0
2020001190,064.5000E,해당지역,52,56.57,62
2020001190,064.5000E,기타지역,0,0,0
2020001190,066.7300B,해당지역,57,58,59
2020001190,066.7300B,기타지역,0,0,0
2020001190,066.3700C,해당지역,48,50.67,52
2020001190,066.3700C,기타지역,0,0,0
2020001190,083.0900A,해당지역,62,62,62
2020001190,083.0900A,기타지역,0,0,0
2020001124,050.8400A,해당지역,64,65.5,69
2020001124,050.8400A,기타지역,0,0,0
2020001124,050.6300B,해당지역,59,61.17,64
2020001124,050.6300B,기타지역,0,0,0
2020001124,050.9500C,해당지역,61,63.43,69
2020001124,050.9500C,기타지역,0,0,0
2020001124,059.6700A,해당지역,68,68.75,69
2020001124,059.6700A,기타지역,0,0,0
2020001124,059.6900B,해당지역,64,64,64
2020001124,059.6900B,기타지역,0,0,0
2020001124,059.9700C,해당지역,68,68.5,69
2020001124,059.9700C,기타지역,0,0,0
2020001124,069.7900A,해당지역,72,72,72
2020001124,069.7900A,기타지역,0,0,0
2020001124,069.1800B,해당지역,69,69.7,74
2020001124,069.1800B,기타지역,0,0,0
2020000877,059.9700A,해당지역,69,70.5,72
2020000877,059.9700A,기타지역,0,0,0
2020000877,059.9700B,해당지역,69,69.71,72
2020000877,059.9700B,기타지역,0,0,0
2020000877,084.9600,해당지역,69,69.71,74
2020000877,084.9600,기타지역,0,0,0
2020001031,013.0830A,해당지역,-,-,-
2020001031,013.0830A,기타지역,-,-,-
2020001031,013.8800B,해당지역,0,0,0
2020001031,013.8800B,기타지역,56,56,56
2020001031,014.1390C,해당지역,25,35.63,51
2020001031,014.1390C,기타지역,0,0,0
2020001031,014.2130D,해당지역,18,31.1,57
2020001031,014.2130D,기타지역,0,0,0
2020001031,023.3810E,해당지역,28,38.18,56
2020001031,023.3810E,기타지역,0,0,0
2020001031,026.5370F,해당지역,34,40.79,55
2020001031,026.5370F,기타지역,0,0,0
2020001031,028.7500G,해당지역,60,60,60
2020001031,028.7500G,기타지역,0,0,0
2020001031,047.2010H,해당지역,54,57.5,61
2020001031,047.2010H,기타지역,0,0,0
2020000922,059.7052A,해당지역,64,67.11,72
2020000922,059.7052A,기타지역,0,0,0
2020000922,059.9208B,해당지역,64,65.14,69
2020000922,059.9208B,기타지역,0,0,0
2020000922,074.6437,해당지역,59,61.93,69
2020000922,074.6437,기타지역,0,0,0
2020000922,084.9582A,해당지역,67,70,84
2020000922,084.9582A,기타지역,0,0,0
2020000922,084.9558B,해당지역,64,66.78,74
2020000922,084.9558B,기타지역,0,0,0
2020000931,059.9777,해당지역,64,64,64
2020000931,059.9777,기타지역,0,0,0
2020000931,084.9627A,해당지역,57,60.28,66
2020000931,084.9627A,기타지역,0,0,0
2020000931,084.9914B,해당지역,56,59.5,70
2020000931,084.9914B,기타지역,0,0,0
2020000931,084.9893C,해당지역,64,64.67,65
2020000931,084.9893C,기타지역,0,0,0
2020000931,108.9568,해당지역,59,59.5,60
2020000931,108.9568,기타지역,0,0,0
2020000942,059.9000,해당지역,64,65.1,69
2020000942,059.9000,기타지역,0,0,0
2020000942,073.8000A,해당지역,61,63.57,67
2020000942,073.8000A,기타지역,0,0,0
2020000942,073.8000B,해당지역,61,62.86,64
2020000942,073.8000B,기타지역,0,0,0
2020000942,073.9900C,해당지역,63,64.63,67
2020000942,073.9900C,기타지역,0,0,0
2020000942,084.9900A,해당지역,63,64.95,74
2020000942,084.9900A,기타지역,0,0,0
2020000942,084.9900B,해당지역,64,66.06,69
2020000942,084.9900B,기타지역,0,0,0
2020000928,055.7400A,해당지역,69,70,74
2020000928,055.7400A,기타지역,0,0,0
2020000928,055.9300B,해당지역,69,70.71,74
2020000928,055.9300B,기타지역,0,0,0
2020000928,059.9700B,해당지역,71,72.75,74
2020000928,059.9700B,기타지역,0,0,0
2020000928,059.9700C,해당지역,74,74.6,80
2020000928,059.9700C,기타지역,0,0,0
2020000928,059.9600D,해당지역,70,72.17,74
2020000928,059.9600D,기타지역,0,0,0
2020000928,074.7800,해당지역,71,72.71,74
2020000928,074.7800,기타지역,0,0,0
2020000928,084.8500A,해당지역,69,71.38,76
2020000928,084.8500A,기타지역,0,0,0
2020000928,084.9600B,해당지역,69,69.27,74
2020000928,084.9600B,기타지역,0,0,0
2020000928,084.9200C,해당지역,69,70.37,78
2020000928,084.9200C,기타지역,0,0,0
2020000928,084.9700D,해당지역,74,75.54,79
2020000928,084.9700D,기타지역,0,0,0
2020000928,084.8800E,해당지역,72,74.1,77
2020000928,084.8800E,기타지역,0,0,0
2020000926,059.9800A,해당지역,65,68.54,74
2020000926,059.9800A,기타지역,0,0,0
2020000926,059.6400B,해당지역,64,66,69
2020000926,059.6400B,기타지역,0,0,0
2020000926,059.9800C,해당지역,67,68.97,74
2020000926,059.9800C,기타지역,0,0,0
2020000926,059.9700D,해당지역,65,67.87,69
2020000926,059.9700D,기타지역,0,0,0
2020000926,074.8400A,해당지역,64,66.05,69
2020000926,074.8400A,기타지역,0,0,0
2020000926,074.8900B,해당지역,60,63.78,69
2020000926,074.8900B,기타지역,0,0,0
2020000926,074.7800C,해당지역,64,65.63,69
2020000926,074.7800C,기타지역,0,0,0
2020000926,084.9700A,해당지역,64,64.54,67
2020000926,084.9700A,기타지역,0,0,0
2020000926,084.9700B,해당지역,62,63.89,66
2020000926,084.9700B,기타지역,0,0,0
2020000926,084.9600C,해당지역,64,64.5,65
2020000926,084.9600C,기타지역,0,0,0
2020000926,084.9800D,해당지역,64,65,67
2020000926,084.9800D,기타지역,0,0,0
2020000926,084.9400E,해당지역,63,64.71,67
2020000926,084.9400E,기타지역,0,0,0
2020000899,039.9700,해당지역,54,56.29,70
2020000899,039.9700,기타지역,0,0,0
2020000899,049.9200,해당지역,60,62.38,69
2020000899,049.9200,기타지역,0,0,0
2020000899,053.9500,해당지역,63,64.78,69
2020000899,053.9500,기타지역,0,0,0
2020000899,059.9600A,해당지역,69,69.5,70
2020000899,059.9600A,기타지역,0,0,0
2020000899,059.9700B,해당지역,69,69,69
2020000899,059.9700B,기타지역,0,0,0
2020000899,076.6500,해당지역,69,69.6,71
2020000899,076.6500,기타지역,0,0,0
2020000899,084.9500A,해당지역,69,71.44,74
2020000899,084.9500A,기타지역,0,0,0
2020000899,084.9400B,해당지역,70,72.67,74
2020000899,084.9400B,기타지역,0,0,0
2020000899,102.7400,해당지역,74,74,74
2020000899,102.7400,기타지역,0,0,0
2020000899,120.0400,해당지역,69,70.67,74
2020000899,120.0400,기타지역,0,0,0
2020000901,084.8422A,해당지역,49,52.11,62
2020000901,084.8422A,기타지역,0,0,0
2020000901,084.9482B,해당지역,51,53.78,68
2020000901,084.9482B,기타지역,0,0,0
2020000901,084.7668C,해당지역,48,50.75,55
2020000901,084.7668C,기타지역,0,0,0
2020000886,059.9706A,해당지역,65,68.39,74
2020000886,059.9706A,기타지역,0,0,0
2020000886,059.9702B,해당지역,64,66.4,72
2020000886,059.9702B,기타지역,0,0,0
2020000886,084.9883A,해당지역,57,61.17,71
2020000886,084.9883A,기타지역,0,0,0
2020000886,084.9939B,해당지역,56,59.95,69
2020000886,084.9939B,기타지역,0,0,0
2020000886,084.8985C,해당지역,55,57.86,64
2020000886,084.8985C,기타지역,0,0,0
2020000886,084.8577D,해당지역,56,58,60
2020000886,084.8577D,기타지역,0,0,0
2020000886,101.9887A,해당지역,64,68,72
2020000886,101.9887A,기타지역,0,0,0
2020000886,101.9922B,해당지역,67,68,69
2020000886,101.9922B,기타지역,0,0,0
2020000844,057.3700,해당지역,54,56.2,59
2020000844,057.3700,기타지역,0,0,0
2020000844,058.6600,해당지역,59,62.33,65
2020000844,058.6600,기타지역,0,0,0
2020000844,059.1700A,해당지역,62,62,62
2020000844,059.1700A,기타지역,0,0,0
2020000844,059.5000B,해당지역,59,60.86,65
2020000844,059.5000B,기타지역,0,0,0
2020000844,072.4600A,해당지역,54,54,54
2020000844,072.4600A,기타지역,0,0,0
2020000844,072.9700B,해당지역,68,70,74
2020000844,072.9700B,기타지역,0,0,0
2020000844,073.5800,해당지역,60,60,60
2020000844,073.5800,기타지역,0,0,0
2020000844,083.9100,해당지역,55,58.29,65
2020000844,083.9100,기타지역,0,0,0
2020000844,084.9000,해당지역,56,60.29,69
2020000844,084.9000,기타지역,0,0,0
2020000749,051.7377A,해당지역,59,60.97,64
2020000749,051.7377A,기타지역,0,0,0
2020000749,053.3317A,해당지역,61,62.3,65
2020000749,053.3317A,기타지역,0,0,0
2020000749,059.9845A,해당지역,69,69.8,75
2020000749,059.9845A,기타지역,0,0,0
2020000749,059.9885B,해당지역,69,69.33,70
2020000749,059.9885B,기타지역,0,0,0
2020000749,101.6961A,해당지역,74,74,74
2020000749,101.6961A,기타지역,0,0,0
2020000749,102.3261A,해당지역,67,68.47,69
2020000749,102.3261A,기타지역,0,0,0
2020000749,107.9139A,해당지역,69,69,69
2020000749,107.9139A,기타지역,0,0,0
2020000749,117.6566A,해당지역,69,69.67,71
2020000749,117.6566A,기타지역,0,0,0
2020000749,129.5230A,해당지역,69,69,69
2020000749,129.5230A,기타지역,0,0,0
2020000749,150.2717A,해당지역,69,69,69
2020000749,150.2717A,기타지역,0,0,0
2020000749,155.1644A,해당지역,70,70,70
2020000749,155.1644A,기타지역,0,0,0
2020000852,025.9823,해당지역,56,56,56
2020000852,025.9823,기타지역,0,0,0
2020000852,047.8419A,해당지역,53,56.46,70
2020000852,047.8419A,기타지역,0,0,0
2020000852,047.4496B,해당지역,53,55.87,64
2020000852,047.4496B,기타지역,0,0,0
2020000852,050.4856,해당지역,54,56.4,61
2020000852,050.4856,기타지역,0,0,0
2020000852,059.9751,해당지역,63,64.37,69
2020000852,059.9751,기타지역,0,0,0
2020000852,084.1946A,해당지역,52,56.06,70
2020000852,084.1946A,기타지역,0,0,0
2020000852,084.2711B,해당지역,52,56.06,69
2020000852,084.2711B,기타지역,0,0,0
2020000852,098.4933,해당지역,53,56.89,65
2020000852,098.4933,기타지역,0,0,0
2020000852,102.9452,해당지역,55,58.06,65
2020000852,102.9452,기타지역,0,0,0
2020000852,114.8148,해당지역,49,52.23,58
2020000852,114.8148,기타지역,0,0,0
2020000852,136.8580P,해당지역,69,69,69
2020000852,136.8580P,기타지역,0,0,0
2020000819,021.8150,해당지역,68,68,68
2020000819,021.8150,기타지역,0,0,0
2020000819,039.0380,해당지역,54,57,65
2020000819,039.0380,기타지역,0,0,0
2020000819,052.8730A,해당지역,54,58.75,73
2020000819,052.8730A,기타지역,0,0,0
2020000819,052.9360B,해당지역,54,56,61
2020000819,052.9360B,기타지역,0,0,0
2020000819,059.9750A,해당지역,64,66.54,74
2020000819,059.9750A,기타지역,0,0,0
2020000819,059.9960B,해당지역,59,61.46,67
2020000819,059.9960B,기타지역,0,0,0
2020000819,084.9990A,해당지역,64,67.85,75
2020000819,084.9990A,기타지역,0,0,0
2020000819,084.9970B,해당지역,59,62.02,74
2020000819,084.9970B,기타지역,0,0,0
2020000819,084.9990C,해당지역,61,64.71,75
2020000819,084.9990C,기타지역,0,0,0
2020000819,097.9870A,해당지역,68,71.14,74
2020000819,097.9870A,기타지역,0,0,0
2020000767,034.9950A,해당지역,61,64.55,74
2020000767,034.9950A,기타지역,0,0,0
2020000767,034.9950B,해당지역,64,67.9,74
2020000767,034.9950B,기타지역,0,0,0
2020000767,049.6918A,해당지역,54,58.15,73
2020000767,049.6918A,기타지역,0,0,0
2020000767,049.6918B,해당지역,54,58.82,69
2020000767,049.6918B,기타지역,0,0,0
2020000767,059.9742A,해당지역,63,65.59,79
2020000767,059.9742A,기타지역,0,0,0
2020000767,059.9804B,해당지역,61,64.19,72
2020000767,059.9804B,기타지역,0,0,0
2020000767,112.8548A,해당지역,69,70.74,79
2020000767,112.8548A,기타지역,0,0,0
2020000767,112.9918B,해당지역,65,66.57,69
2020000767,112.9918B,기타지역,0,0,0
2020000767,132.8174A,해당지역,69,69.76,74
2020000767,132.8174A,기타지역,0,0,0
2020000767,132.9912B,해당지역,64,67,72
2020000767,132.9912B,기타지역,0,0,0
2020000767,132.9921C,해당지역,70,72.38,74
2020000767,132.9921C,기타지역,0,0,0
2020000807,059.5400A,해당지역,59,61.29,69
2020000807,059.5400A,기타지역,0,0,0
2020000807,059.8700B,해당지역,61,63.63,69
2020000807,059.8700B,기타지역,0,0,0
2020000807,059.3600C,해당지역,63,65.5,74
2020000807,059.3600C,기타지역,0,0,0
2020000807,084.6900,해당지역,67,69.4,74
2020000807,084.6900,기타지역,0,0,0
2020000721,059.4900A,해당지역,50,55.44,69
2020000721,059.4900A,기타지역,0,0,0
2020000721,059.4900T,해당지역,54,58.2,62
2020000721,059.4900T,기타지역,0,0,0
2020000721,052.3300T,해당지역,49,54.67,59
2020000721,052.3300T,기타지역,0,0,0
2020000721,049.0900T,해당지역,46,48.83,54
2020000721,049.0900T,기타지역,0,0,0
2020000698,051.9100A,해당지역,59,62.4,69
2020000698,051.9100A,기타지역,0,0,0
2020000698,051.9800B,해당지역,60,61.29,64
2020000698,051.9800B,기타지역,0,0,0
2020000698,059.9600A,해당지역,64,65.27,70
2020000698,059.9600A,기타지역,0,0,0
2020000698,059.9200B,해당지역,63,65.5,74
2020000698,059.9200B,기타지역,0,0,0
2020000698,074.7900A,해당지역,65,68.29,69
2020000698,074.7900A,기타지역,0,0,0
2020000698,074.9400B,해당지역,65,67.65,74
2020000698,074.9400B,기타지역,0,0,0
2020000698,084.9800A,해당지역,55,59.19,69
2020000698,084.9800A,기타지역,0,0,0
2020000698,084.9200B,해당지역,54,57.59,72
2020000698,084.9200B,기타지역,0,0,0
2020000698,084.9900C,해당지역,53,56.09,61
2020000698,084.9900C,기타지역,0,0,0
2020000698,084.9900D,해당지역,51,54.5,69
2020000698,084.9900D,기타지역,0,0,0
2020000698,089.3600,해당지역,57,58,59
2020000698,089.3600,기타지역,0,0,0
2020000698,101.9200A,해당지역,64,64,64
2020000698,101.9200A,기타지역,0,0,0
2020000698,101.9000B,해당지역,65,65,65
2020000698,101.9000B,기타지역,0,0,0
2020000698,109.7000,해당지역,61,61,61
2020000698,109.7000,기타지역,0,0,0
2020000698,121.5800,해당지역,59,59,59
2020000698,121.5800,기타지역,0,0,0
2020000711,053.7900A,해당지역,48,54.5,64
2020000711,053.7900A,기타지역,0,0,0
2020000711,052.1600A,해당지역,42,48.92,59
2020000711,052.1600A,기타지역,0,0,0
2020000711,048.3100A,해당지역,29,34.58,49
2020000711,048.3100A,기타지역,0,0,0
2020000711,048.3100B,해당지역,28,35.42,47
2020000711,048.3100B,기타지역,0,0,0
2020000631,017.2538,해당지역,27,43.5,51
2020000631,017.2538,기타지역,0,0,0
2020000631,021.9500,해당지역,38,41.86,49
2020000631,021.9500,기타지역,0,0,0
2020000631,038.7508,해당지역,34,39.33,46
2020000631,038.7508,기타지역,0,0,0
2020000631,047.9142,해당지역,34,40.6,47
2020000631,047.9142,기타지역,0,0,0
2020000631,048.0405,해당지역,33,41,53
2020000631,048.0405,기타지역,0,0,0
2020000631,055.8376,해당지역,52,55,58
2020000631,055.8376,기타지역,0,0,0
2020000631,056.8791,해당지역,52,53,54
2020000631,056.8791,기타지역,0,0,0
2020000631,095.2724A,해당지역,49,49,49
2020000631,095.2724A,기타지역,0,0,0
2020000631,095.1132B,해당지역,55,55,55
2020000631,095.1132B,기타지역,0,0,0
2020000681,049.0000H,해당지역,-,-,-
2020000681,049.0000H,기타지역,-,-,-
2020000681,059.0000H,해당지역,-,-,-
2020000681,059.0000H,기타지역,-,-,-
2020000674,049.0000H,해당지역,-,-,-
2020000674,049.0000H,기타지역,-,-,-
2020000674,059.0000H,해당지역,-,-,-
2020000674,059.0000H,기타지역,-,-,-
2020000651,049.9800,해당지역,63,65.5,69
2020000651,049.9800,기타지역,0,0,0
2020000651,059.9900,해당지역,65,66.96,69
2020000651,059.9900,기타지역,0,0,0
2020000651,084.9200A,해당지역,64,65.41,69
2020000651,084.9200A,기타지역,0,0,0
2020000651,084.9400B,해당지역,65,67.18,74
2020000651,084.9400B,기타지역,0,0,0
2020000651,107.9700,해당지역,69,70.33,72
2020000651,107.9700,기타지역,0,0,0
2020000608,059.9818A,해당지역,53,56.75,75
2020000608,059.9818A,기타지역,0,0,0
2020000608,059.9851B,해당지역,49,51.52,59
2020000608,059.9851B,기타지역,0,0,0
2020000608,059.6984C,해당지역,49,53.85,64
2020000608,059.6984C,기타지역,0,0,0
2020000608,074.9587A,해당지역,49,52.57,65
2020000608,074.9587A,기타지역,0,0,0
2020000608,074.9853B,해당지역,45,50,58
2020000608,074.9853B,기타지역,0,0,0
2020000608,084.9952A,해당지역,54,57.91,69
2020000608,084.9952A,기타지역,0,0,0
2020000608,084.9833B,해당지역,53,56.46,65
2020000608,084.9833B,기타지역,0,0,0
2020000608,084.9807C,해당지역,48,52.7,60
2020000608,084.9807C,기타지역,0,0,0
2020000608,084.9650D,해당지역,54,56,62
2020000608,084.9650D,기타지역,0,0,0
2020000608,110.9878A,해당지역,55,57.63,62
2020000608,110.9878A,기타지역,0,0,0
2020000608,110.9996B,해당지역,54,58.13,73
2020000608,110.9996B,기타지역,0,0,0
2020000551,059.9800,해당지역,70,74.56,84
2020000551,059.9800,기타지역,0,0,0
2020000551,059.7600,해당지역,69,69,69
2020000551,059.7600,기타지역,0,0,0
2020000551,059.9300,해당지역,69,69.5,75
2020000551,059.9300,기타지역,0,0,0
2020000551,059.6400,해당지역,69,69.5,70
2020000551,059.6400,기타지역,0,0,0
2020000551,084.9400,해당지역,60,64.03,74
2020000551,084.9400,기타지역,0,0,0
2020000551,084.9900,해당지역,60,63.08,69
2020000551,084.9900,기타지역,0,0,0
2020000551,084.9600,해당지역,59,62.88,69
2020000551,084.9600,기타지역,0,0,0
2020000551,120.4300,해당지역,79,79,79
2020000551,120.4300,기타지역,0,0,0
2020000503,059.9877A,해당지역,59,61.33,64
2020000503,059.9877A,기타지역,0,0,0
2020000503,059.9983B,해당지역,59,61.57,69
2020000503,059.9983B,기타지역,0,0,0
2020000503,059.9969C,해당지역,56,58.5,64
2020000503,059.9969C,기타지역,0,0,0
2020000503,074.9982,해당지역,56,58.42,61
2020000503,074.9982,기타지역,0,0,0
2020000503,084.9854A,해당지역,62,65.07,72
2020000503,084.9854A,기타지역,0,0,0
2020000503,084.9771B,해당지역,59,62.47,69
2020000503,084.9771B,기타지역,0,0,0
2020000503,084.9932C,해당지역,59,63.23,69
2020000503,084.9932C,기타지역,0,0,0
2020000416,059.9182A,해당지역,69,69,69
2020000416,059.9182A,기타지역,0,0,0
2020000416,059.9488B,해당지역,64,66.22,74
2020000416,059.9488B,기타지역,0,0,0
2020000416,084.9224A,해당지역,65,69.09,78
2020000416,084.9224A,기타지역,0,0,0
2020000416,084.9828B,해당지역,64,65.74,69
2020000416,084.9828B,기타지역,0,0,0
2020000416,084.9735C,해당지역,64,65.55,74
2020000416,084.9735C,기타지역,0,0,0
2020000416,084.9705D,해당지역,61,63.67,65
2020000416,084.9705D,기타지역,0,0,0
2020000338,021.5400A,해당지역,32,41.3,59
2020000338,021.5400A,기타지역,0,0,0
2020000338,024.9400B,해당지역,35,42.92,57
2020000338,024.9400B,기타지역,0,0,0
2020000338,024.0800C,해당지역,34,43.62,59
2020000338,024.0800C,기타지역,0,0,0
2020000338,021.5400D,해당지역,31,31,31
2020000338,021.5400D,기타지역,0,0,0
2020000338,021.5400E,해당지역,30,30,30
2020000338,021.5400E,기타지역,0,0,0
2020000338,024.0800F,해당지역,55,55,55
2020000338,024.0800F,기타지역,0,0,0
2020000338,028.4200G,해당지역,53,61,69
2020000338,028.4200G,기타지역,0,0,0
2020000312,054.9891,해당지역,62,64.08,68
2020000312,054.9891,기타지역,0,0,0
2020000312,059.8852,해당지역,69,69.38,74
2020000312,059.8852,기타지역,0,0,0
2020000312,084.1269A,해당지역,67,68,69
2020000312,084.1269A,기타지역,0,0,0
2020000312,084.3798B,해당지역,68,68.95,74
2020000312,084.3798B,기타지역,0,0,0
2020000312,100.9605,해당지역,69,69,69
2020000312,100.9605,기타지역,0,0,0
2020000001,059.0000H,해당지역,-,-,-
2020000001,059.0000H,기타지역,-,-,-
2020000001,084.0000H,해당지역,-,-,-
2020000001,084.0000H,기타지역,-,-,-
2020000001,084.0000N,해당지역,-,-,-
2020000001,084.0000N,기타지역,-,-,-
2026000399,059.9442A,해당지역,64,64.67,66
2026000399,059.9442A,기타지역,0,0,0
2026000399,059.9442B,해당지역,61,63,64
2026000399,059.9442B,기타지역,0,0,0
2026000399,059.9293C,해당지역,69,69,69
2026000399,059.9293C,기타지역,0,0,0
2026000399,074.9610,해당지역,69,69,69
2026000399,074.9610,기타지역,0,0,0
2026000372,059.9883A,해당지역,64,64,64
2026000372,059.9883A,기타지역,0,0,0
2026000372,084.9458A,해당지역,60,63.47,69
2026000372,084.9458A,기타지역,0,0,0
2026000372,084.9722B,해당지역,59,63,69
2026000372,084.9722B,기타지역,0,0,0
2026000374,051.9981A,해당지역,69,69,69
2026000374,051.9981A,기타지역,0,0,0
2026000374,051.9931B,해당지역,69,70.5,72
2026000374,051.9931B,기타지역,0,0,0
2026000374,051.9927C,해당지역,64,64,64
2026000374,051.9927C,기타지역,0,0,0
2026000374,051.9909D,해당지역,64,64,64
2026000374,051.9909D,기타지역,0,0,0
2026000374,051.9953E,해당지역,69,69,69
2026000374,051.9953E,기타지역,0,0,0
2026000374,059.9973A,해당지역,70,70,70
2026000374,059.9973A,기타지역,0,0,0
2026000374,059.9945B,해당지역,69,69,69
2026000374,059.9945B,기타지역,0,0,0
2026000374,059.9903C,해당지역,69,69,69
2026000374,059.9903C,기타지역,0,0,0
2026000374,059.9987D,해당지역,74,74,74
2026000374,059.9987D,기타지역,0,0,0
2026000374,074.9939A,해당지역,69,69,69
2026000374,074.9939A,기타지역,0,0,0
2026000374,074.9944B,해당지역,69,69,69
2026000374,074.9944B,기타지역,0,0,0
2026000374,074.9920C,해당지역,69,70.5,72
2026000374,074.9920C,기타지역,0,0,0
2026000374,084.9993A,해당지역,69,70,74
2026000374,084.9993A,기타지역,0,0,0
2026000364,044.9631A,해당지역,61,63.33,65
2026000364,044.9631A,기타지역,0,0,0
2026000364,044.5894B,해당지역,65,66,67
2026000364,044.5894B,기타지역,0,0,0
2026000364,049.9779,해당지역,64,64.5,65
2026000364,049.9779,기타지역,0,0,0
2026000364,059.9025A,해당지역,69,69,69
2026000364,059.9025A,기타지역,0,0,0
2026000364,059.9030B,해당지역,67,68.6,69
2026000364,059.9030B,기타지역,0,0,0
2026000364,059.8890C,해당지역,64,67.25,69
2026000364,059.8890C,기타지역,0,0,0
2026000364,059.9245D,해당지역,65,66.83,69
2026000364,059.9245D,기타지역,0,0,0
2026000358,039.9972A,해당지역,59,59,59
2026000358,039.9972A,기타지역,0,0,0
2026000358,039.9814B,해당지역,64,66.5,69
2026000358,039.9814B,기타지역,0,0,0
2026000358,059.9882,해당지역,64,65.21,69
2026000358,059.9882,기타지역,0,0,0
2026000358,084.9972A,해당지역,59,62.44,65
2026000358,084.9972A,기타지역,0,0,0
2026000358,084.9965B,해당지역,55,59.48,69
2026000358,084.9965B,기타지역,0,0,0
2026000041,059.0000H,해당지역,-,-,-
2026000041,059.0000H,기타지역,-,-,-
2026000041,084.0000H,해당지역,-,-,-
2026000041,084.0000H,기타지역,-,-,-
2020001366,014.9600A,해당지역,-,-,-
2020001366,014.9600A,기타지역,-,-,-
2020001366,026.7500,해당지역,-,-,-
2020001366,026.7500,기타지역,-,-,-
2020001366,026.7500A,해당지역,-,-,-
2020001366,026.7500A,기타지역,-,-,-
2020001366,044.5500A,해당지역,-,-,-
2020001366,044.5500A,기타지역,-,-,-
2020001358,046.9500A,해당지역,-,-,-
2020001358,046.9500A,기타지역,-,-,-
2020001358,055.9700A,해당지역,-,-,-
2020001358,055.9700A,기타지역,-,-,-
2020001358,055.9700B,해당지역,-,-,-
2020001358,055.9700B,기타지역,-,-,-
2020001358,055.7700C,해당지역,-,-,-
2020001358,055.7700C,기타지역,-,-,-
2020001357,014.6900A,해당지역,-,-,-
2020001357,014.6900A,기타지역,-,-,-
2020001357,026.5400A,해당지역,-,-,-
2020001357,026.5400A,기타지역,-,-,-
2020001357,026.5400B,해당지역,-,-,-
2020001357,026.5400B,기타지역,-,-,-
2020001357,036.8400A,해당지역,-,-,-
2020001357,036.8400A,기타지역,-,-,-
2020001357,044.8900A,해당지역,-,-,-
2020001357,044.8900A,기타지역,-,-,-
2020000774,015.0000A,해당지역,-,-,-
2020000774,015.0000A,기타지역,-,-,-
2020000774,016.0000A,해당지역,-,-,-
2020000774,016.0000A,기타지역,-,-,-
2020000774,017.0000A,해당지역,-,-,-
2020000774,017.0000A,기타지역,-,-,-
2020000774,019.0000A,해당지역,-,-,-
2020000774,019.0000A,기타지역,-,-,-
2020000774,020.0000A,해당지역,-,-,-
2020000774,020.0000A,기타지역,-,-,-
2020000774,021.0000A,해당지역,-,-,-
2020000774,021.0000A,기타지역,-,-,-
2020000774,022.0000A,해당지역,-,-,-
2020000774,022.0000A,기타지역,-,-,-
2020000774,024.0000A,해당지역,-,-,-
2020000774,024.0000A,기타지역,-,-,-
2020000774,026.0000A,해당지역,-,-,-
2020000774,026.0000A,기타지역,-,-,-
2020000774,029.0000A,해당지역,-,-,-
2020000774,029.0000A,기타지역,-,-,-
2020000774,031.0000A,해당지역,-,-,-
2020000774,031.0000A,기타지역,-,-,-
2020000774,032.0000A,해당지역,-,-,-
2020000774,032.0000A,기타지역,-,-,-
2020000774,035.0000A,해당지역,-,-,-
2020000774,035.0000A,기타지역,-,-,-
2020000774,036.0000A,해당지역,-,-,-
2020000774,036.0000A,기타지역,-,-,-
2020000774,037.0000A,해당지역,-,-,-
2020000774,037.0000A,기타지역,-,-,-
2020000774,039.0000A,해당지역,-,-,-
2020000774,039.0000A,기타지역,-,-,-
2020000774,040.0000A,해당지역,-,-,-
2020000774,040.0000A,기타지역,-,-,-
2020000774,041.0000A,해당지역,-,-,-
2020000774,041.0000A,기타지역,-,-,-
2020000774,045.0000A,해당지역,-,-,-
2020000774,045.0000A,기타지역,-,-,-
2020000774,048.0000A,해당지역,-,-,-
2020000774,048.0000A,기타지역,-,-,-
2020000774,049.0000A,해당지역,-,-,-
2020000774,049.0000A,기타지역,-,-,-
2020000774,050.0000A,해당지역,-,-,-
2020000774,050.0000A,기타지역,-,-,-
2020000774,051.0000A,해당지역,-,-,-
2020000774,051.0000A,기타지역,-,-,-
2020000774,052.0000A,해당지역,-,-,-
2020000774,052.0000A,기타지역,-,-,-
2020000774,059.0000A,해당지역,-,-,-
2020000774,059.0000A,기타지역,-,-,-
2020000768,046.8900,해당지역,-,-,-
2020000768,046.8900,기타지역,-,-,-
2020000768,055.9500,해당지역,-,-,-
2020000768,055.9500,기타지역,-,-,-
2020000768,055.8000,해당지역,-,-,-
2020000768,055.8000,기타지역,-,-,-
2020000653,029.0000,해당지역,-,-,-
2020000653,029.0000,기타지역,-,-,-
2020000653,039.0000,해당지역,-,-,-
2020000653,039.0000,기타지역,-,-,-
2020000653,049.0000,해당지역,-,-,-
2020000653,049.0000,기타지역,-,-,-
2020000653,059.0000,해당지역,-,-,-
2020000653,059.0000,기타지역,-,-,-
2020000661,023.3200,해당지역,-,-,-
2020000661,023.3200,기타지역,-,-,-
2020000661,046.9100,해당지역,-,-,-
2020000661,046.9100,기타지역,-,-,-
2020000661,046.7900,해당지역,-,-,-
2020000661,046.7900,기타지역,-,-,-
2020000661,051.9900,해당지역,-,-,-
2020000661,051.9900,기타지역,-,-,-
2020000661,051.9600,해당지역,-,-,-
2020000661,051.9600,기타지역,-,-,-
2020000661,059.9300,해당지역,-,-,-
2020000661,059.9300,기타지역,-,-,-
2020000661,051.3200,해당지역,-,-,-
2020000661,051.3200,기타지역,-,-,-
2020000661,059.9400,해당지역,-,-,-
2020000661,059.9400,기타지역,-,-,-
2020000661,059.8800,해당지역,-,-,-
2020000661,059.8800,기타지역,-,-,-
2020000552,086.0000,해당지역,-,-,-
2020000552,086.0000,기타지역,-,-,-
2020000546,056.0000,해당지역,-,-,-
2020000546,056.0000,기타지역,-,-,-
2020000546,059.0000,해당지역,-,-,-
2020000546,059.0000,기타지역,-,-,-
2020000546,071.0000,해당지역,-,-,-
2020000546,071.0000,기타지역,-,-,-
2020000546,074.0000,해당지역,-,-,-
2020000546,074.0000,기타지역,-,-,-
2020000546,084.0000,해당지역,-,-,-
2020000546,084.0000,기타지역,-,-,-
