주택관리번호,단지명,주소,구,공급세대수,모집공고일,입주예정월,시공사,위도,경도
2020000631,공항동 발쿠치네 하우스,서울특별시 강서구 송정로 53 (공항동),강서구,45,2020-06-05,202007,우석종합건설(주),37.559665,126.80991
2020000711,스위트드림 아파트,"서울특별시 양천구 곰달래로11길 56 (신월동, 스위트드림아파트)",양천구,48,2020-06-10,202007,(주)스위트드림종합건설,37.534562,126.834438
2020000721,서초비버리캐슬,"서울특별시 서초구 반포대로9길 70 (서초동, 서초 비버리캐슬)",서초구,42,2020-06-18,202007,(주)덕인컨스텍,37.482895,127.007983
2020000661,"서울 강남5, 서초3 장기전세",서울특별시 서초구 양재대로2길 8 (우면동),서초구,195,2020-05-27,202010,,37.459725,127.024464
2020000546,제38차 장기전세주택 입주자 모집 공고(85이하),"서울특별시 강동구 고덕로 427 (강일동, 고덕리엔파크2단지아파트)",강동구,2307,2020-05-15,202011,,37.558797,127.173182
2020000552,제38차 장기전세주택 입주자 모집 공고(85초과),"서울특별시 강동구 고덕로 427 (강일동, 고덕리엔파크2단지아파트)",강동구,9,2020-05-15,202011,,37.558797,127.173182
2020000338,등촌역 한울에이치밸리움,서울특별시 강서구 공항대로 533 (염창동),강서구,58,2020-04-07,202012,(주)한울건설산업,37.551948,126.864284
2020000653,2020년 제1차 국민임대주택 입주자모집,서울특별시 강남구 개포로 621 (개포동),강남구,2519,2020-05-28,202012,,37.494184,127.078915
2020000774,2020년도 1차 행복주택 입주자모집,서울특별시 구로구 고척로12길 16 (개봉동),구로구,2963,2020-06-25,202012,,37.49966,126.842865
2020001190,수유동 북한산 스카이뷰 아파트,서울특별시 강북구 4.19로9길 18 (수유동),강북구,55,2020-10-26,202012,주식회사 햇살종합건설,37.646136,127.009356
2020001031,장안에스아이팰리스,서울특별시 동대문구 장안동 416-1,동대문구,99,2020-09-02,202101,(주)성우에스아이,37.562332,127.063241
2020000001,SH 마곡지구 9단지,서울특별시 강서구 마곡동 744,강서구,962,2020-02-26,202102,한신공영,37.562267,126.819206
2020000608,상도역 롯데캐슬,서울특별시 동작구 상도동 159-250번지 일원,동작구,474,2020-05-22,202102,롯데건설(주),37.50055,126.946677
2020000674,SH 고덕강일 8단지 공공분양주택,서울특별시 강동구 아리수로93가길 248-17 (강일동),강동구,526,2020-06-02,202102,(주)대보건설,,
2020000681,SH 고덕강일14단지 공공분양주택,서울시 강동구 상일동 28번지,강동구,411,2020-06-02,202102,대우조선해양건설(주),37.55159,127.180765
2020001298,SH 위례지구 A1-12BL 공공분양,서울특별시 송파구 거여동 606번지,송파구,394,2020-11-19,202108,진흥기업,37.485985,127.144019
2020001299,SH 위례지구 A1-5BL 공공분양,서울특별시 송파구 거여동 651,송파구,1282,2020-11-19,202108,한화건설,37.485783,127.148777
2021000515,신림스카이아파트,"서울특별시 관악구 신림로 185(신림동, 신림 스카이 아파트)",관악구,43,2021-07-22,202109,(주)제이더블유종합건설,37.47475,126.935362
2021000245,쌍문역 시티프라디움,서울특별시 도봉구 노해로40길 23 (쌍문동),도봉구,112,2021-04-15,202110,"(주)시티종합건설,(주)시티건설",37.647983,127.028037
2021000446,브이티스타일,"서울특별시 동대문구 장한로28가길 17 (장안동, VT Style)",동대문구,75,2021-07-14,202110,(주)부원종합건설,37.573787,127.072497
2020000768,서울 양원 S2BL 행복주택,서울특별시 중랑구 양원역로 110 (망우동),중랑구,134,2020-06-25,202201,,,
2020000877,고덕 아르테스 미소지움,서울특별시 강동구 상일동 152,강동구,37,2020-10-08,202202,에스지신성건설주식회사,37.549907,127.156852
2020001366,서울양원 S1BL 행복주택,서울특별시 중랑구 양원역로 110 (망우동),중랑구,924,2020-12-03,202202,,,
2020000416,호반써밋 목동,서울특별시 양천구 신정3동 1150-41번지 일원,양천구,238,2020-04-10,202203,,37.516549,126.853035
2020000928,DMC센트럴자이,서울특별시 은평구 증산동 213-20번지 일대,은평구,463,2020-08-03,202203,지에스건설(주),37.579932,126.902876
2021000120,관악 중앙하이츠 포레,서울특별시 관악구 장군봉13길 32 (봉천동),관악구,34,2021-03-30,202206,동우개발주식회사,37.480175,126.940499
2022000092,칸타빌 수유팰리스,서울특별시 강북구 수유동 179-2외 4필지,강북구,216,2022-02-18,202206,(주)대원,37.642034,127.025504
2022820008,서울양원 S2블록 신혼희망타운(공공분양) 잔여세대,"서울특별시 중랑구 망우동, 신내동 일원 서울양원 공공주택지구 내 S2블록",중랑구,1,2022-03-18,202206,,,
2020000931,힐데스하임 천호,서울특별시 강동구 천호동 437-5번지 일원,강동구,101,2020-08-11,202207,원건설,37.541815,127.126148
2022000364,신독산 솔리힐 뉴포레,서울특별시 금천구 독산동 234-72 일원,금천구,35,2022-06-16,202207,(주)금도건설,37.475494,126.905552
2020000698,래미안 엘리니티,서울특별시 동대문구 용두동 753-9,동대문구,475,2020-06-11,202208,삼성물산(주),37.580022,127.02847
2020001124,서초자이르네,서울특별시 서초구 남부순환로 323길 41-3일원(서초동 1451-65),서초구,35,2020-10-08,202208,자이에스앤디(주),37.482582,127.013602
2020000503,우장산숲아이파크,서울특별시 강서구 화곡동 1027-50번지 일대,강서구,242,2020-04-29,202211,HDC 현대산업개발,37.544873,126.839673
2020000312,르엘 신반포,서울특별시 서초구 잠원동 74번지 외 1필지,서초구,67,2020-03-20,202212,롯데건설(주),37.508973,127.002165
2020000844,용마산 모아엘가 파크포레,서울특별시 중랑구 면목동 55-14 ,중랑구,159,2020-07-30,202301,혜림건설주식회사,37.585631,127.096072
2020001357,수서역세권A-1BL 행복주택,서울특별시 강남구 자곡동 335번지 일원,강남구,830,2020-12-03,202301,동일토건,37.478415,127.106175
2020001358,수서역세권A-3BL 행복주택,서울특별시 강남구 자곡동347-5번지 일원,강남구,199,2020-12-03,202301,양우종합건설 주식회사,37.47707,127.107527
2021000213,세운 푸르지오 헤리시티 아파트,서울특별시 중구 인현동2가 151-1,중구,281,2021-05-04,202301,(주)대우건설,37.564556,126.996508
2022000887,마포 더 클래시,서울특별시 마포구 아현동 662번지 일대,마포구,53,2022-12-09,202301,"HDC현대산업개발(주),SK에코플랜트",37.555724,126.950458
2022820009,수서역세권 A3블록 신혼희망타운 잔여세대,"서울특별시 강남구 수서동, 자곡동 일원 수서역세권 공공주택지구 내 A3블록",강남구,4,2022-03-18,202301,,,
2020000551,흑석리버파크자이,서울특별시 동작구 흑석동 253-89번지 일대,동작구,357,2020-05-08,202302,지에스건설(주),37.5017,126.962097
2020000922,신목동 파라곤,서울특별시 양천구 신월2동 489-1일원,양천구,153,2020-08-20,202302,(주)동양건설산업,37.529503,126.87516
2020000942,DMC아트포레자이,서울특별시 은평구 수색동 189외 162필지,은평구,307,2020-08-03,202302,지에스건설(주),37.585203,126.898002
2021000056,자양 하늘채 베르,서울특별시 광진구 자양동 658-14,광진구,51,2021-02-18,202302,코오롱글로벌(주),37.532569,127.084511
2021000601,우장산 한울에이치밸리움,서울특별시 강서구 공항대로 42길 11(내발산동 649-3),강서구,67,2021-08-27,202302,(주)에이치디한울종합건설,37.550567,126.848227
2022000128,힐스테이트 세운 센트럴 1단지,서울특별시 중구 입정동 189-1번지 일원,중구,165,2022-04-08,202302,현대엔지니어링(주),37.567925,126.992682
2022000129,힐스테이트 세운 센트럴 2단지,서울특별시 중구 입정동 2-4번지 일원,중구,264,2022-04-08,202302,현대엔지니어링(주),37.56797,126.994402
2020001292,망우역 신원아침도시,서울특별시 중랑구 신내동 488-1번지 외 2필지,중랑구,99,2020-11-27,202303,신원종합개발(주),37.602583,127.099074
2022000837,화곡 더리브 스카이 주상복합아파트,서울특별시 강서구 화곡동 370-76 외 6필지,강서구,140,2022-11-18,202303,에스지씨이테크건설 주식회사,,
2021000336,에비뉴 청계 I,서울특별시 종로구 종로66길 35 (숭인동),종로구,99,2021-05-14,202304,주식회사 제이엘공영,37.573253,127.022116
2020000749,대치 푸르지오 써밋,서울특별시 강남구 대치동 963번지 일원,강남구,106,2020-07-30,202305,(주)대우건설,37.501478,127.061731
2021000422,에비뉴 청계 II,서울특별시 종로구 숭인동 1420,종로구,81,2021-07-15,202305,(주)제이엘공영,37.573218,127.022387
2020000651,르엘 신반포 파크애비뉴,서울특별시 서초구 강남대로107길 14 (잠원동),서초구,98,2020-05-28,202306,롯데건설 주식회사,37.518183,127.017712
2020000819,노원 롯데캐슬 시그니처,서울특별시 노원구 덕릉로102길 5 (상계동),노원구,721,2020-07-09,202306,롯데건설(주),37.664783,127.077727
2022000767,더샵 파크솔레이유,서울특별시 강동구 둔촌동 85-2,강동구,73,2022-11-04,202306,(주)포스코건설,37.529693,127.144987
2023000006,등촌 지와인,서울특별시 강서구 등촌동 633-10번지 일원,강서구,136,2023-02-22,202306,한동건설(주),37.554146,126.866514
2023820003,수서역세권 A3블록 신혼희망타운(공공분양) 추가모집,"서울특별시 강남구 수서동, 자곡동 일원 수서역세권 공공주택지구 내 A3블록",강남구,1,2023-03-24,202306,양우종합건설 주식회사,,
2020000886,롯데캐슬 리버파크 시그니처(자양),서울특별시 광진구 자양동 236번지 일대,광진구,482,2020-07-30,202307,롯데건설(주),37.53836,127.062406
2020000899,DMC SK VIEW 아이파크포레,서울특별시 은평구 수색로20가길 9 (수색동),은평구,183,2020-08-03,202307,"에스케이건설 주식회사, HDC현대산업개발 주식회사",37.586104,126.89308
2020000926,DMC파인시티자이,서울특별시 은평구 수색동 115-5번지 일대,은평구,453,2020-08-03,202307,지에스건설(주),37.583782,126.895892
2021000418,래미안 원베일리,서울특별시 서초구 신반포로19길 10 (반포동 1-1),서초구,224,2021-06-07,202308,삼성물산(주),37.506545,126.998705
2020001386,힐스테이트 리슈빌 강일,서울특별시 강동구 강일동 고덕강일공공주택지구 5블럭,강동구,809,2020-12-18,202309,"현대건설(주),계룡건설산업(주)",37.572875,127.174231
2023000358,수유 시그니티,서울특별시 강북구 수유동 87-5번지,강북구,32,2023-07-28,202309,리센종합건설(주),37.632299,127.023099
2023000282,둔촌 현대수린나,서울특별시 강동구 둔촌동 632,강동구,34,2023-06-30,202310,보훈종합건설(주),37.532822,127.145605
2020000767,디에이치 퍼스티어 아이파크,서울특별시 강남구 개포1동 660-4번지 일원,강남구,1235,2020-07-09,202401,,37.480723,127.058351
2021000057,고덕강일 제일풍경채,서울특별시 고덕강일 공공주택지구 1블록(서울특별시 강동구 고덕동 136 일원),고덕강일,780,2021-02-18,202401,제일건설(주),37.563705,127.1686
2022000119,서울대입구역 더하이브 센트럴,서울특별시 관악구 봉천동 37-83번지 일원,관악구,35,2022-03-24,202401,(쥬)디에이건설,37.485918,126.957266
2023000647,삼익 더 랩소디,서울특별시 강서구 강서로 353 (내발산동),강서구,45,2023-11-27,202401,(주)세담종합건설,37.557385,126.837303
2023000672,어반클라쎄목동,"서울특별시 양천구 신목로2길 7-12 (신정동, 어반클라쎄 목동)",양천구,45,2023-12-19,202401,"한바로이앤씨(주), 아하건설(주)",37.518643,126.874922
2023000676,에스아이팰리스 강동 센텀Ⅱ,"서울특별시 강동구 길동 386-4 (길동, 에스아이팰리스 강동 센텀2)",강동구,80,2023-12-15,202401,(주)이엔건설,37.537927,127.137529
2021000516,e편한세상 강일 어반브릿지,서울특별시 강동구 상일동 554-38 일원(고덕강일 공공주택지구 10블록),강동구,593,2021-09-10,202402,디엘이앤씨 주식회사,37.555723,127.180704
2020000901,힐스테이트 천호역 젠트리스,서울특별시 강동구 성내동 48-6번지 일대,강동구,160,2020-07-31,202403,현대엔지니어링,37.53719,127.125752
2023000404,상도 푸르지오 클라베뉴,서울특별시 동작구 상도동 산65-74 번지 일원,동작구,771,2023-08-16,202403,대우건설,37.49756,126.939373
2024000061,에스아이팰리스 올림픽공원,서울특별시 강동구 성내동 459-3,강동구,58,2024-02-23,202403,에스테크건설 주식회사,37.52688,127.122791
2020000807,길음역 롯데캐슬 트윈골드,서울특별시 성북구 길음동 542-1번지,성북구,218,2020-07-03,202404,롯데건설(주),37.603785,127.023438
2022000561,남구로역 동일 센타시아,서울특별시 구로구 가리봉동 113-1번지 일원,구로구,91,2022-08-18,202404,동일건설(주),37.483269,126.889298
2023000343,강동 중앙하이츠 시티,서울특별시 강동구 길동 415-5번지,강동구,36,2023-07-14,202404,중앙건설 주식회사,37.537348,127.137091
2022000883,강동 헤리티지 자이,서울특별시 강동구 길동 160번지 일원,강동구,219,2022-12-09,202406,지에스건설 주식회사,37.539305,127.149338
2021000891,해링턴플레이스 안암,서울특별시 성북구 안암동 132-17 일원,성북구,114,2021-11-25,202407,진흥기업(주),37.585037,127.023594
2022000051,신영지웰 에스테이트 개봉역,서울특별시 구로구 개봉동 171-2번지 일원,구로구,101,2022-02-17,202407,신영건설 주식회사,37.4955,126.857689
2024000174,래미안 원베일리(조합원 취소분),서울특별시 서초구 반포동 1-1번지 일원,서초구,1,2024-05-10,202407,삼성물산(주),37.504931,126.999494
2021000930,북서울자이 폴라리스,서울특별시 강북구 삼양로64길 8(미아동),강북구,327,2022-01-11,202408,지에스건설 주식회사,37.626996,127.020898
2022000031,센트레빌 아스테리움 영등포,서울특별시 영등포구 영등포동2가 439번지 일대,영등포구,106,2022-02-11,202408,동부건설(주),37.521593,126.909338
2024000355,래미안 원펜타스,서울특별시 서초구 반포동 12번지 일대,서초구,292,2024-07-19,202408,삼성물산(주),37.504005,126.993478
2020000852,강동 밀레니얼 중흥S-클래스,서울특별시 강동구 천호동 423-200,강동구,626,2020-07-28,202409,중흥토건(주),37.541322,127.127612
2023000562,힐스테이트 e편한세상 문정,서울특별시 송파구 문정동 136번지,송파구,299,2023-11-03,202409,"현대엔지니어링(주), DL e&c",37.489337,127.133438
2024000390,더 트루엘 마곡 HQ,"서울특별시 강서구 공항동 11-10, 22번지 일원",강서구,148,2024-08-01,202410,일성건설(주),37.561307,126.815009
2023000052,센트레빌 아스테리움 시그니처,서울특별시 은평구 역촌동 189-1번지 일원,은평구,454,2023-02-27,202411,동부건설(주),37.603753,126.907698
2024000001,더샵 둔촌포레,서울특별시 강동구 둔촌동 30-4번지 외 1필지,강동구,74,2024-02-29,202411,(주)포스코이앤씨,37.531725,127.146533
2023000414,호반써밋 개봉,서울특별시 구로구 개봉동 68-64번지 일대,구로구,190,2023-08-25,202412,(주)호반건설,37.499557,126.846748
2024820012,수서역세권 A3블록 신혼희망타운(공공분양) 잔여세대,"서울특별시 강남구 수서동, 자곡동 일원 수서역세권 공공주택지구내 A3블록",강남구,1,2024-09-20,202412,(주)양우종합건설,,
2024820013,강서 금호어울림 퍼스티어 신혼희망타운(공공분양) 잔여세대,서울특별시 강서구 화곡동 980-19번지 일원,강서구,1,2024-10-25,202412,금호건설(주) 등,,
2022000846,올림픽파크 포레온,서울특별시 강동구 둔촌1동 170-1 일대,강동구,4786,2022-11-25,202501,"현대건설㈜, HDC현대산업개발㈜, ㈜대우건설, 롯데건설㈜",37.527476,127.137046
2023000382,래미안 라그란데,서울특별시 동대문구 이문동 257-42번지 일대 ,동대문구,920,2023-08-04,202501,삼성물산(주),37.600084,127.06023
2022000248,창동 다우아트리체 주상복합 아파트,서울특별시 도봉구 창동 662-7번지 외 12필지,도봉구,89,2022-05-12,202502,강산건설(주),,
2023000465,힐스테이트 관악센트씨엘,서울특별시 관악구 봉천동 산101번지 일대,관악구,101,2023-09-15,202502,현대건설(주),37.491206,126.946136
2023000472,천호역 마에스트로,서울특별시 강동구 천호동 334-2,강동구,77,2023-10-12,202502,주식회사 한미글로벌 E&C,37.543131,127.124698
2022000835,장위자이 레디언트,서울특별시 성북구 장위동 62-1번지 일대,성북구,1330,2022-11-25,202503,지에스건설(주),37.613591,127.056587
2023000230,롯데캐슬 이스트폴,서울특별시 광진구 자양동 680-63번지 일원,광진구,631,2023-07-21,202503,롯데건설(주),37.535763,127.088614
2023000324,용산 호반써밋 에이디션,서울특별시 용산구 한강로 2가 210-1번지 일원,용산구,90,2023-07-14,202503,(주)호반건설,37.526405,126.96586
2023000438,e편한세상 답십리 아르테포레(국민주택),서울특별시 동대문구 답십리동 12번지 일대,동대문구,121,2023-09-22,202503,디엘건설 주식회사,,
2024000241,그란츠 리버파크,서울특별시 강동구 성내동 15번지 일원,강동구,327,2024-07-25,202504,디엘이앤씨(주),37.536546,127.128147
2023000255,서울대벤처타운역 푸르지오,서울특별시 관악구 신림동 316-62번지,관악구,182,2023-06-22,202505,(주)대우건설,37.46069,126.932627
2023000067,휘경자이 디센시아,서울특별시 동대문구 휘경동 172번지 일대,동대문구,700,2023-03-24,202506,지에스건설 주식회사,37.592968,127.062632
2024000033,메이플자이,서울특별시 서초구 잠원동 60-3,서초구,162,2024-01-26,202506,지에스건설 주식회사,37.511847,127.012424
2024000208,서대문 센트럴 아이파크,서울특별시 서대문구 홍은동 11-111번지 일원,서대문구,409,2024-05-17,202506,에이치디씨현대산업개발 주식회사,37.600595,126.94724
2025000167,리버센 SK VIEW 롯데캐슬,서울특별시 중랑구 중화동 331-1번지 일원,중랑구,30,2025-05-22,202506,"에스케이에코플랜트 주식회사, 롯데건설 주식회사",37.602441,127.075822
2022000489,천왕역 모아엘가 트레뷰,서울특별시 구로구 오리로7길 4(오류동),구로구,140,2022-08-19,202507,혜림건설(주),37.487534,126.83746
2023000311,청계 SK VIEW,"서울특별시 성동구 용답1길 7-18 (용답동), 성동구 용답동 121번지 일원",성동구,108,2023-08-09,202507,에스케이에코플랜트(주),37.383834,126.981188
2024000472,라체르보 푸르지오 써밋,서울특별시 성동구 행당동 128-1번지 일원,성동구,138,2024-08-23,202507,(주)대우건설,37.557436,127.036256
2024000547,디에이치 대치 에델루이,서울특별시 강남구 대치동 964번지 일대,강남구,72,2024-09-26,202508,현대건설(주),37.503132,127.060104
2023000682,포제스 한강,서울특별시 광진구 광장동 188-2번지 일원,광진구,128,2024-01-12,202509,디엘이앤씨(주),37.547782,127.109795
2025000399,대방역 여의도 더로드캐슬,서울특별시 영등포구 신길동 449-11,영등포구,46,2025-08-29,202510,(주)현강종합건설,37.512921,126.922933
2022000103,한화 포레나 미아,서울특별시 강북구 솔샘로 265일대(미아동 705-1일원),강북구,424,2022-03-24,202511,주식회사 한화건설,37.619747,127.021628
2022000778,리버센 SK VIEW 롯데캐슬,서울특별시 중랑구 중화동 331-1번지 일원,중랑구,501,2022-11-04,202511,"SK에코플랜트(주), 롯데건설(주)",37.602441,127.075822
2023000174,새절역 두산위브 트레지움,서울특별시 은평구 신사동 170-12번지 일원,은평구,235,2023-05-03,202511,두산건설(주),37.591164,126.907297
2023000189,DMC 가재울 아이파크,서울특별시 서대문구 남가좌동 289-54번지 일대,서대문구,92,2023-05-26,202511,에이치디씨현대산업개발 주식회사,37.570736,126.914907
2023000548,이문 아이파크 자이,"서울특별시 동대문구 이문동 149-8, 412-1번지 일대 ",동대문구,1467,2023-10-20,202511,"에이치디씨현대산업개발 주식회사, GS건설주식회사",37.598496,127.063535
2024000513,청담 르엘,서울특별시 강남구 청담동 134-18번지 일대,강남구,149,2024-09-06,202511,롯데건설(주),37.522178,127.060036
2025000001,래미안 원페를라,서울특별시 서초구 방배동 818-14번지 일대,서초구,482,2025-01-17,202511,삼성물산(주),37.491279,126.987523
2023000443,더샵 강동센트럴시티,서울특별시 강동구 천호동 410-100번지 일원,강동구,168,2023-10-06,202512,(주)포스코이앤씨,37.539195,127.128283
2024000590,잠실 래미안아이파크,서울특별시 송파구 신천동 20-4번지 일대,송파구,589,2024-10-11,202512,"삼성물산(주), 에이치디씨현대산업개발(주)",37.518379,127.110741
2023000415,e편한세상 강동 프레스티지원,서울특별시 강동구 천호동 423-76번지 일대,강동구,263,2023-10-13,202601,디엘이앤씨(주),37.542689,127.126678
2025000353,잠실 르엘,서울특별시 송파구 신천동 17-6번지 일대,송파구,216,2025-08-19,202601,롯데건설(주),37.517514,127.107038
2023000048,영등포자이 디그니티,서울특별시 영등포구 양평동1가 265-1일대,영등포구,185,2023-02-23,202603,지에스건설(주),37.524803,126.886877
2023000555,도봉 금호어울림 리버파크,서울특별시 도봉구 도봉2동 95번지,도봉구,130,2023-10-27,202603,금호건설(주),37.67393,127.04768
2023000281,청량리 롯데캐슬 하이루체,서울특별시 동대문구 청량리동 199 일원,동대문구,173,2023-06-30,202604,롯데건설(주),37.587094,127.044435
2024000107,개봉 루브루,"서울특별시 구로구 개봉동 369-1, 312-38",구로구,114,2024-04-19,202604,(주)성호건설,37.477283,126.883634
2026000028,해링턴플레이스 노원 센트럴,서울특별시 노원구 노원로 495 (상계동 690),노원구,61,2026-02-20,202604,효성중공업 주식회사,37.659773,127.063353
2024000600,VIORR(비오르),"서울특별시 강동구 천호동 356, 356-1번지",강동구,53,2024-10-24,202605,(주)대성건설,37.541378,127.125328
2024000074,경희궁 유보라,서울특별시 서대문구 영천동 69-20외 160필지,서대문구,108,2024-02-22,202607,(주)반도건설,37.571004,126.960052
2025000195,디 아테온(THE ATHEON),서울특별시 강동구 길동 336-1번지,강동구,64,2025-05-23,202607,(주)에이블피엔지,37.542975,127.142375
2026000058,오티에르 반포,서울특별시 서초구 잠원동 59-10번지 외 3필지,서초구,86,2026-03-31,202607,㈜포스코이앤씨,37.50926,127.014318
2026000235,북서울자이 폴라리스(보류지),서울특별시 강북구 미아동 791-364번지 일대 (미아 3구역 주택재개발 정비사업),강북구,6,2026-06-12,202607,지에스건설 (주),37.626825,127.018791
2023000144,엘리프 미아역 1단지,서울특별시 강북구 도봉로 232 (미아동),강북구,66,2023-04-13,202608,계룡건설산업(주),37.629276,127.02546
2023000145,엘리프 미아역 2단지,서울특별시 강북구 도봉로 222 (미아동),강북구,160,2023-04-13,202608,계룡건설산업(주),37.628705,127.025683
2025000527,반포 래미안 트리니원,서울특별시 서초구 반포동 1109번지 일대,서초구,506,2025-10-31,202608,삼성물산(주),37.49937,126.986915
2026000041,마곡지구 17단지 토지임대부(본청약),"서울특별시 강서구 마곡동 747-1, 마곡지구 17단지",강서구,381,2026-02-27,202608,이수건설(주),,
2023000457,보문 센트럴 아이파크,서울특별시 성북구 보문동1가 196-11일대,성북구,87,2023-09-15,202609,에이치디씨현대산업개발 주식회사,37.584873,127.020533
2024000412,디에이치 방배,서울특별시 서초구 방배동 946-8번지 일원,서초구,1244,2024-08-16,202609,현대건설(주),37.484849,126.98783
2024000245,동작 보라매역 프리센트,서울특별시 동작구 신대방동 377-1번지 외 5필지,동작구,91,2024-06-14,202610,에이스디엔시(주),37.498163,126.920547
2024000371,래미안 레벤투스,서울특별시 강남구 도곡동 540번지 일대(도곡삼호아파트 재건축정비사업조합),강남구,133,2024-07-26,202610,삼성물산(주),37.49357,127.046017
2024000688,힐스테이트 등촌역,서울특별시 강서구 등촌동 366-24번지 일원,강서구,274,2024-11-25,202610,현대건설 주식회사,37.549094,126.859698
2025000177,힐스테이트 메디알레,"서울특별시 은평구 대조동 88, 89번지 일원",은평구,483,2025-05-09,202610,현대건설(주),37.610901,126.923913
2024000226,강변역 센트럴 아이파크,서울특별시 광진구 구의동 592-39번지 일원,광진구,68,2024-05-31,202611,에이치디씨현대산업개발㈜,37.534612,127.090272
2025000388,홍대입구역 센트럴 아르떼 해모로,서울특별시 마포구 동교동 200-2번지 일원,마포구,52,2025-08-29,202611,(주)에이치제이중공업 건설부문,37.558262,126.922235
2023000532,청계리버뷰자이,서울특별시 성동구 용답동 108-1번지 일원,성동구,797,2023-12-01,202702,지에스건설 주식회사,37.567245,127.050262
2023000608,마포 푸르지오 어반피스,서울특별시 마포구 아현동 613-10번지 일원,마포구,122,2023-11-24,202703,(주)대우건설,37.552694,126.955768
2024000279,마포자이힐스테이트 라첼스,서울특별시 마포구 공덕동 105-84 일원,마포구,463,2024-06-21,202703,"지에스건설 주식회사, 현대건설 주식회사",37.550304,126.957854
2024000284,푸르지오 라디우스 파크,서울특별시 성북구 장위동 25-55번지 일대,성북구,718,2024-07-05,202703,(주)대우건설,37.615807,127.058852
2026000048,이촌 르엘,서울특별시 용산구 이촌동 301-160 일원,용산구,88,2026-03-30,202703,롯데건설 주식회사,37.518592,126.980838
2024000692,창경궁 롯데캐슬 시그니처,서울특별시 성북구 삼선동2가 296번지 일원,성북구,509,2024-11-28,202704,롯데건설(주),37.58412,127.010296
2023820019,서울대방 신혼희망타운 공공분양(본청약),서울특별시 영등포구 신길동 1280 일원,영등포구,122,2023-08-30,202706,"신동아건설, 금호건설",37.512057,126.923648
2024000333,하우스토리 센트럴포레,서울특별시 노원구 공릉동 270-71번지,노원구,40,2024-09-27,202706,남광토건 주식회사,37.620242,127.081327
2025820008,서울대방 신혼희망타운(공공분양) 잔여세대 입주자모집공고,서울특별시 영등포구 신길동 1280 일원,영등포구,2,2025-05-30,202706,신동아/금호건설,37.512057,126.923648
2024000546,한신더휴 하이엔에듀포레,서울특별시 금천구 시흥동 220-2외 5필지,금천구,78,2024-11-22,202707,한신공영(주),37.453575,126.914172
2025000250,오티에르 포레,서울특별시 성동구 성수동1가 656-421번지 일대,성동구,88,2025-06-26,202707,(주)포스코이앤씨,37.542967,127.046134
2023000709,서울공릉지구 공공분양주택 ,서울특별시 노원구 공릉동 240-1,노원구,209,2023-12-29,202710,지에스건설(주) 등,37.622387,127.081695
2023820026,서울공릉 신혼희망타운(공공분양),서울특별시 노원구 공릉동 240-1,노원구,139,2023-12-29,202710,지에스건설(주) 등,37.622387,127.081695
2024000672,아크로 리츠카운티,서울특별시 서초구 방배동 1018-1번지 일원,서초구,140,2024-11-26,202710,디엘이앤씨(주),37.478877,127.00159
2025000194,고덕강일 대성베르힐,서울특별시 강동구 상일동 43번지 일원(서울고덕강일 공공주택지구 12블럭),강동구,613,2025-05-23,202710,"디에스종합건설(주), 대성베르힐건설(주)",37.552802,127.179185
2025820010,서울공릉지구 신혼희망타운(공공분양) 추가 입주자 모집공고,서울특별시 노원구 공릉동 240-1,노원구,3,2025-06-27,202710,,37.622387,127.081695
2024000484,올림픽파크 서한포레스트,서울특별시 강동구 둔촌동 489번지,강동구,109,2024-08-30,202712,(주)서한,37.530578,127.137848
2024000471,연신내 양우내안애 퍼스티지,서울특별시 은평구 갈현동 467-1 번지 일대,은평구,239,2024-08-30,202803,양우건설(주) ,37.613268,126.916235
2024000679,e편한세상 당산 리버파크,서울특별시 영등포구 당산동4가 91번지 일대,영등포구,111,2024-11-14,202803,DL이앤씨(주),37.529885,126.896132
2025000430,힐스테이트 이수역센트럴,서울특별시 동작구 사당동 155-4번지 일원,동작구,170,2025-10-02,202804,현대건설(주),37.484609,126.977062
2024000534,마포 에피트 어바닉,서울특별시 마포구 아현동 617-1 일원,마포구,163,2024-09-27,202807,에이치엘디앤아이한라 주식회사,37.551489,126.955287
2024000659,서울원 아이파크,서울특별시 노원구 월계동 85-7번지 일대,노원구,1856,2024-11-15,202807,에이치디씨현대산업개발 주식회사,37.618313,127.064512
2025000135,청계 노르웨이숲,서울특별시 중구 황학동 1756번지 일원,중구,97,2025-04-18,202807,주식회사 유림E&C,37.569544,127.020416
2025000164,고척 푸르지오 힐스테이트,서울특별시 구로구 고척동 148-1,구로구,576,2025-05-08,202808,"(주)대우건설, 현대엔지니어링(주)",37.503604,126.85816
2025000566,역삼센트럴자이,서울특별시 강남구 역삼동 758번지 일원,강남구,87,2025-12-05,202808,지에스건설(주),37.49745,127.048014
2026000039,래미안 엘라비네,서울특별시 강서구 방화동 608-97번지 일대,강서구,272,2026-03-06,202808,삼성물산(주),37.564988,126.815526
2025000270,제기동역 아이파크,서울특별시 동대문구 제기동 892-68번지 일원,동대문구,82,2025-07-25,202809,에이치디씨현대산업개발㈜,37.579179,127.035594
2026000156,더 리치먼드 미아,서울특별시 강북구 미아동 703-13번지,강북구,99,2026-04-27,202809,태원건설산업(주),37.620258,127.021265
2024000586,동작구수방사 공공분양주택(본청약),서울특별시 동작구 노량진동 154-7번지 일원,동작구,263,2024-09-30,202812,신동아건설(주),37.514784,126.948085
2026000094,라클라체자이드파인,서울특별시 동작구 노량진동 294-220번지 일대,동작구,369,2026-04-03,202812,"지에스건설(주), 에스케이에코플랜트 주식회사",37.50889,126.935021
2025000267,리버센트 푸르지오 위브,서울특별시 영등포구 영등포동5가 32-8번지 일원,영등포구,175,2025-06-27,202901,"(주)대우건설, 두산건설(주)",37.521588,126.908146
2025000660,드파인 연희,서울특별시 서대문구 연희동 533-5번지 일원,서대문구,332,2026-01-09,202901,에스케이에코플랜트(주),37.570549,126.920765
2026000114,공덕역자이르네,서울특별시 마포구 도화동 16-1번지 일원,마포구,177,2026-04-17,202901,자이에스앤디(주),37.543159,126.948894
2025000497,아크로 드 서초,서울특별시 서초구 서초동 1333번지 일원,서초구,56,2026-03-20,202902,디엘이앤씨 주식회사,37.492149,127.023903
2026000023,더샵 프리엘라,서울특별시 영등포구 문래동5가 22번지 일원 ,영등포구,138,2026-03-12,202903,포스코이앤씨,37.517174,126.884786
2026000399,브라운스톤 월곡 센트럴,서울특별시 성북구 하월곡동 70-4번지 일원,성북구,62,2026-08-28,202903,이수건설 주식회사,37.605899,127.036206
2026000355,월계 중흥S-클래스 리비에르,서울특별시 노원구 월계동 487-17번지 일대,노원구,135,2026-07-16,202905,중흥토건(주),37.615852,127.062461
2026000064,더샵 신길센트럴시티,서울특별시 영등포구 신길동 413-8번지 일원,영등포구,477,2026-03-20,202907,(주) 포스코이앤씨,37.49814,126.90386
2026000374,더샵 신길센트럴시티(조합원 취소분),서울특별시 영등포구 신길동 413-8번지 일원,영등포구,67,2026-08-07,202907,(주) 포스코이앤씨,37.49814,126.90386
2024000718,더샵 퍼스트월드,서울특별시 중랑구 상봉동 83-1번지 일원,중랑구,800,2024-12-13,202908,(주)포스코이앤씨,37.595889,127.092025
2026000116,아크로 리버스카이,서울특별시 동작구 대방동 23-61번지 일대,동작구,285,2026-05-13,202908,디엘이앤씨 주식회사,37.511447,126.932168
2026000241,드파인 아르티아,서울특별시 동작구 노량진동 312-75번지 일대,동작구,171,2026-06-19,202911,에스케이에코플랜트 주식회사,37.507466,126.939238
2026000364,써밋 클라비온,서울특별시 영등포구 신길동 3590번지 일원,영등포구,176,2026-08-07,203001,(주)대우건설,37.501274,126.91047
2026000372,쌍용 더 플래티넘 서대문,서울특별시 서대문구 홍은동 355번지 일원,서대문구,62,2026-08-14,203001,쌍용건설(주),37.583333,126.924723
2026000153,동작 센트럴 동문 디 이스트,서울특별시 동작구 상도동 363-10번지 일원,동작구,72,2026-07-02,203002,동문건설(주),37.505025,126.93736
2025000439,상봉 센트럴 아이파크,서울특별시 중랑구 망우동 506-1,중랑구,242,2025-09-19,203003,에이치디씨현대산업개발 주식회사,37.596485,127.093539
2026000358,충정로역자이르네,서울특별시 중구 중림동 157-2번지 일원,중구,186,2026-08-07,203005,"자이에스앤디(주), 지에스건설(주)",37.559741,126.965075
2026000120,써밋 더힐,서울특별시 동작구 흑석동 304번지 일원,동작구,432,2026-05-15,203006,(주)대우건설,37.505507,126.969163
2026000275,장위 푸르지오 마크원,서울특별시 성북구 장위동 68-37 일대,성북구,1032,2026-06-19,203009,(주)대우건설,37.612292,127.05302
